name,datetime,tempmax,tempmin,temp,feelslikemax,feelslikemin,feelslike,dew,humidity,precip,precipprob,precipcover,preciptype,snow,snowdepth,windgust,windspeed,winddir,sealevelpressure,cloudcover,visibility,solarradiation,solarenergy,uvindex,severerisk,sunrise,sunset,moonphase,conditions,description,icon,stations
Wolverhampton,2021-08-22,20.5,13.3,16.6,20.5,13.3,16.6,13.8,84.4,5.019,100,16.67,rain,0,0,27.7,15.7,309.9,1019.3,69.2,25.5,121.8,10.6,5,,2021-08-22T06:02:39,2021-08-22T20:18:54,0.5,"Rain, Partially cloudy",Partly cloudy throughout the day with a chance of rain throughout the day.,rain,"03414099999,03529099999,E8801,D6997,F4718,03520099999,03330099999,03535099999,03544099999"
Wolverhampton,2021-08-23,21.1,14,16.8,21.1,14,16.8,12.4,77.1,0.251,100,8.33,rain,0,0,29.5,12.3,39.7,1028.7,60.7,23.3,239.8,20.9,8,,2021-08-23T06:04:20,2021-08-23T20:16:42,0.53,"Rain, Partially cloudy",Partly cloudy throughout the day with rain.,rain,"03414099999,03529099999,E8801,F4718,03520099999,03330099999,03535099999,03544099999"
Wolverhampton,2021-08-24,18.6,11.5,15.5,18.6,11.5,15.5,12.1,80.9,0,0,0,,0,0,25.9,13.4,46.8,1031.3,81.5,32.4,128.7,11.1,3,,2021-08-24T06:06:00,2021-08-24T20:14:29,0.56,Partially cloudy,Partly cloudy throughout the day.,partly-cloudy-day,"03414099999,03529099999,E8801,F4718,D6997,03520099999,03330099999,03535099999,03544099999"
Wolverhampton,2021-08-25,18.2,13.4,15.5,18.2,13.4,15.5,12.3,81.8,0,0,0,,0,0,20.5,10.3,36.8,1027.3,88.9,26.4,139.8,12.4,3,,2021-08-25T06:07:41,2021-08-25T20:12:16,0.6,Partially cloudy,Partly cloudy throughout the day.,partly-cloudy-day,"03414099999,03529099999,E8801,F4718,03520099999,03330099999,03535099999,03544099999"
Wolverhampton,2021-08-26,19.4,11.6,15.6,19.4,11.6,15.6,11,75.9,0,0,0,,0,0,37.1,16.7,34.3,1023.5,65.7,22.6,269.9,23.5,7,,2021-08-26T06:09:21,2021-08-26T20:10:02,0.63,Partially cloudy,Partly cloudy throughout the day.,partly-cloudy-day,"03414099999,03529099999,E8801,F4718,D6997,03520099999,03330099999,03535099999,03544099999"
Wolverhampton,2021-08-27,16.9,10.2,13.7,16.9,10.2,13.7,9.4,76.2,0,0,0,,0,0,27.7,12.2,29.3,1025,96.1,30.7,153.8,13.6,4,,2021-08-27T06:11:02,2021-08-27T20:07:47,0.66,Overcast,Cloudy skies throughout the day.,cloudy,"03414099999,03529099999,E8801,F4718,03520099999,03330099999,03535099999,03544099999"
Wolverhampton,2021-08-28,20.5,8.7,14.5,20.5,7.9,14.3,10.1,77.2,0,0,0,,0,0,20.5,11.6,32.3,1027.4,61.1,21.8,267.8,23.2,8,,2021-08-28T06:12:42,2021-08-28T20:05:32,0.69,Partially cloudy,Partly cloudy throughout the day.,partly-cloudy-day,"03414099999,03529099999,E8801,F4718,03520099999,03330099999,03535099999,03544099999"
Wolverhampton,2021-08-29,17.7,9.4,13.9,17.7,9.1,13.9,9.9,78.3,0,0,0,,0,0,29.5,14.5,21.4,1026.8,65.6,21.2,206.4,18.1,6,,2021-08-29T06:14:23,2021-08-29T20:03:15,0.72,Partially cloudy,Partly cloudy throughout the day.,partly-cloudy-day,"03414099999,03529099999,E8801,F4718,03520099999,03330099999,03535099999,03544099999"
Wolverhampton,2021-08-30,16.4,13,14.6,16.4,13,14.6,10.2,75,0,0,0,,0,0,29.5,13.7,35.2,1028.1,98.7,31.4,121.2,10.6,2,,2021-08-30T06:16:03,2021-08-30T20:00:58,0.75,Overcast,Cloudy skies throughout the day.,cloudy,"03414099999,03529099999,E8801,F4718,03520099999,03330099999,03535099999,03544099999"
Wolverhampton,2021-08-31,15.3,11.9,13.8,15.3,11.9,13.8,10.9,82.6,0.136,100,4.17,rain,0,0,29.5,15.9,36.5,1031.4,95.1,28,105.1,9,2,,2021-08-31T06:17:43,2021-08-31T19:58:41,0.79,"Rain, Overcast",Cloudy skies throughout the day with morning rain.,rain,"03414099999,03529099999,E8801,F4718,03520099999,03330099999,03535099999,03544099999"
Wolverhampton,2021-09-01,16.3,12.1,14.3,16.3,12.1,14.3,10.9,80.6,0.113,100,12.5,rain,0,0,24.1,15.6,41.1,1032.7,95.8,19.3,70.2,5.9,3,,2021-09-01T06:19:24,2021-09-01T19:56:23,0.82,"Rain, Overcast",Cloudy skies throughout the day with rain.,rain,"03414099999,03529099999,E8801,03520099999,03330099999,03535099999,03544099999,AU757"
Wolverhampton,2021-09-02,18.4,12.8,14.9,18.4,12.8,14.9,10.5,75.3,0,0,0,,0,0,33.5,16.7,53.9,1029.8,94.8,21.4,76.6,6.6,3,,2021-09-02T06:21:04,2021-09-02T19:54:04,0.85,Overcast,Cloudy skies throughout the day.,cloudy,"03414099999,03529099999,E8801,03520099999,03330099999,03535099999,03544099999"
Wolverhampton,2021-09-03,18.7,13.4,15.3,18.7,13.4,15.3,11.7,79.4,0.02,100,4.17,rain,0,0,24.1,13,55.4,1023.3,93.5,16.5,81.1,7,3,,2021-09-03T06:22:44,2021-09-03T19:51:45,0.88,"Rain, Overcast",Cloudy skies throughout the day with afternoon rain.,rain,"03414099999,03529099999,E8801,03520099999,03330099999,03535099999,03544099999"
Wolverhampton,2021-09-04,19.4,12,15.2,19.4,12,15.2,11.3,78.5,0,0,0,,0,0,18.4,10.4,71.1,1019.6,85.5,15.5,134.4,11.6,6,,2021-09-04T06:24:25,2021-09-04T19:49:26,0.92,Partially cloudy,Partly cloudy throughout the day.,partly-cloudy-day,"03414099999,03529099999,E8801,03520099999,03330099999,03535099999,03544099999"
Wolverhampton,2021-09-05,24.1,12.4,17.5,24.1,12.4,17.5,12.8,75.6,0,0,0,,0,0,27.7,14.1,105.7,1020.7,40.4,16.7,174,15.1,6,,2021-09-05T06:26:05,2021-09-05T19:47:06,0.95,Partially cloudy,Partly cloudy throughout the day.,partly-cloudy-day,"03414099999,03529099999,E8801,03520099999,03330099999,03535099999,03544099999"
Wolverhampton,2021-09-06,26.9,13,19.4,27.3,13,19.4,14.8,77.4,0,0,0,,0,0,20.5,9.1,216.8,1022.6,18.8,13,175.5,15,7,,2021-09-06T06:27:45,2021-09-06T19:44:45,0.98,Clear,Clear conditions throughout the day.,clear-day,"03414099999,03529099999,E8801,03520099999,03330099999,03535099999,03544099999"
Wolverhampton,2021-09-07,29.2,12.7,20.7,29,12.7,20.7,14.7,72.1,0,0,0,,0,0,22.3,10.9,121.8,1020.4,7.4,18.5,192.8,16.6,6,,2021-09-07T06:29:25,2021-09-07T19:42:24,0,Clear,Clear conditions throughout the day.,clear-day,"03414099999,03529099999,E8801,03520099999,03330099999,03535099999,03544099999"
Wolverhampton,2021-09-08,28.9,14.4,21.6,28,14.4,21.4,12.2,58.4,0,0,0,,0,0,38.9,22.9,116.9,1012.5,23.5,22.1,167.3,14.3,6,,2021-09-08T06:31:06,2021-09-08T19:40:03,0.05,Partially cloudy,Partly cloudy throughout the day.,partly-cloudy-day,"03414099999,03529099999,E8801,03520099999,03330099999,03535099999,03544099999"
Wolverhampton,2021-09-09,20.8,16.2,18.4,20.8,16.2,18.4,16.3,88.1,6.63,100,25,rain,0,0,25.9,13.2,173.2,1006.9,78.4,17.6,91,7.8,3,,2021-09-09T06:32:46,2021-09-09T19:37:42,0.09,"Rain, Partially cloudy",Partly cloudy throughout the day with a chance of rain throughout the day.,rain,"03414099999,03529099999,E8801,03520099999,03330099999,03535099999,03544099999"
Wolverhampton,2021-09-10,21.1,16.4,18,21.1,16.4,18,16,88.7,3.295,100,25,rain,0,0,27.7,14.1,214.5,1008.9,86.6,25.5,80,6.9,3,,2021-09-10T06:34:26,2021-09-10T19:35:20,0.12,"Rain, Partially cloudy",Partly cloudy throughout the day with rain.,rain,"03414099999,03529099999,E8801,03520099999,03330099999,03535099999,03544099999"
Wolverhampton,2021-09-11,20.9,13.8,17.5,20.9,13.8,17.5,13.3,77.8,0.212,100,8.33,rain,0,0,25.9,16.4,251.5,1015.2,73.7,32.1,125.3,10.9,5,,2021-09-11T06:36:06,2021-09-11T19:32:58,0.16,"Rain, Partially cloudy",Partly cloudy throughout the day with early morning rain.,rain,"03414099999,03529099999,E8801,03520099999,03330099999,03535099999,03544099999"
Wolverhampton,2021-09-12,18.5,10.9,14.7,18.5,10.9,14.7,11.9,84.2,0.672,100,12.5,rain,0,0,16.6,10.1,340.5,1019,70,22.7,72.1,6.1,3,,2021-09-12T06:37:47,2021-09-12T19:30:35,0.19,"Rain, Partially cloudy",Partly cloudy throughout the day with rain.,rain,"03414099999,03529099999,E8801,03520099999,03330099999,03535099999,03544099999"
Wolverhampton,2021-09-13,18.5,13.1,15.4,18.5,13.1,15.4,11.9,80,1.035,100,16.67,rain,0,0,27.7,15.5,100.1,1017.9,89.3,29.8,49.7,4.2,2,,2021-09-13T06:39:27,2021-09-13T19:28:13,0.25,"Rain, Partially cloudy",Partly cloudy throughout the day with rain.,rain,"03414099999,03529099999,E8801,D6997,03520099999,03330099999,03535099999,03544099999,AU757"
Wolverhampton,2021-09-14,16.2,13,14.3,16.2,13,14.3,13.1,92.2,5.254,100,58.33,rain,0,0,22.3,10.8,27.2,1013.4,91.7,10.8,23.4,2.2,1,,2021-09-14T06:41:07,2021-09-14T19:25:50,0.27,"Rain, Overcast",Cloudy skies throughout the day with a chance of rain throughout the day.,rain,"03414099999,03529099999,E8801,03520099999,03330099999,03535099999,03544099999,F2638"
Wolverhampton,2021-09-15,19.9,12.1,14.8,19.9,12.1,14.8,12.1,84.7,0.057,100,8.33,rain,0,0,24.1,10.7,310.2,1014.8,67.2,13.3,140.5,12.1,6,,2021-09-15T06:42:48,2021-09-15T19:23:27,0.3,"Rain, Partially cloudy",Partly cloudy throughout the day with rain in the morning and afternoon.,rain,"03414099999,03529099999,E8801,03520099999,03330099999,03535099999,03544099999"
Wolverhampton,2021-09-16,20.5,11,15.7,20.5,11,15.7,12,80.3,0,0,0,,0,0,25.9,10.8,238.1,1016.8,63.4,25.8,134.4,11.6,6,,2021-09-16T06:44:28,2021-09-16T19:21:04,0.34,Partially cloudy,Partly cloudy throughout the day.,partly-cloudy-day,"03414099999,03529099999,E8801,03520099999,03330099999,03535099999,03544099999"
Wolverhampton,2021-09-17,19.6,10.4,15.1,19.6,10.4,15.1,11.4,80,0,0,0,,0,0,31.7,17.3,186.7,1013.4,64.1,32.4,114.5,10,6,,2021-09-17T06:46:09,2021-09-17T19:18:41,0.37,Partially cloudy,Partly cloudy throughout the day.,partly-cloudy-day,"03414099999,03529099999,E8801,03520099999,03330099999,03535099999,03544099999,AU757,F2638"
Wolverhampton,2021-09-18,21.9,11.3,16.5,21.9,11.3,16.5,12.7,79.8,0.217,100,4.17,rain,0,0,14.8,8.8,145.1,1013.4,66,23.4,118.9,10.3,5,,2021-09-18T06:47:49,2021-09-18T19:16:18,0.41,"Rain, Partially cloudy",Partly cloudy throughout the day with late afternoon rain.,rain,"03414099999,03529099999,E8801,03520099999,03330099999,03535099999,03544099999"
Wolverhampton,2021-09-19,18.7,12.2,15.2,18.7,12.2,15.2,11.8,80.9,1.182,100,12.5,rain,0,0,22.3,13.5,289.4,1014.8,72.3,33.2,92,8.1,5,,2021-09-19T06:49:30,2021-09-19T19:13:55,0.44,"Rain, Partially cloudy",Partly cloudy throughout the day with rain in the morning and afternoon.,rain,"03414099999,03529099999,E8801,03520099999,03330099999,03535099999,03544099999"
Wolverhampton,2021-09-20,19.8,7.5,13.3,19.8,6.8,13.1,9,77.5,0.072,100,4.17,rain,0,0,25.9,13.5,333.6,1024.1,15.2,34.1,141,12.2,5,,2021-09-20T06:51:11,2021-09-20T19:11:32,0.48,Rain,Clear conditions throughout the day with morning rain.,rain,"03414099999,03529099999,E8801,03520099999,03330099999,03535099999,03544099999"
Wolverhampton,2021-09-21,19.9,9.1,13.9,19.9,8.7,13.8,10.3,80.9,0.02,100,4.17,rain,0,0,16.6,9,278.6,1030.3,45,25.9,113.5,9.7,5,,2021-09-21T06:52:52,2021-09-21T19:09:08,0.5,"Rain, Partially cloudy",Partly cloudy throughout the day with morning rain.,rain,"03414099999,03529099999,E8801,D6997,03520099999,03330099999,03535099999,03544099999"
Wolverhampton,2021-09-22,19.7,8.3,13.9,19.7,8.3,13.9,10.5,81.4,0.033,100,4.17,rain,0,0,29.5,17.2,252,1027.1,44.9,29.2,103.6,9,4,,2021-09-22T06:54:33,2021-09-22T19:06:45,0.55,"Rain, Partially cloudy",Partly cloudy throughout the day with afternoon rain.,rain,"03414099999,03529099999,E8801,03520099999,03330099999,03535099999,03544099999,AU757"
Wolverhampton,2021-09-23,21.1,11.6,15.7,21.1,11.6,15.7,11.2,75.9,0,0,0,,0,0,30,17,262.4,1019.6,46.6,37.6,128.9,11.1,5,,2021-09-23T06:56:14,2021-09-23T19:04:22,0.58,Partially cloudy,Partly cloudy throughout the day.,partly-cloudy-day,"03414099999,03529099999,E8801,D6997,03520099999,03330099999,03535099999,03544099999"
Wolverhampton,2021-09-24,22.4,9.6,15.6,22.4,8.8,15.5,12.5,82.7,0.02,100,4.17,rain,0,0,33.5,15,238.7,1015.3,51.8,30.7,99.6,8.6,5,,2021-09-24T06:57:56,2021-09-24T19:01:59,0.61,"Rain, Partially cloudy",Partly cloudy throughout the day with afternoon rain.,rain,"03414099999,03529099999,E8801,D6997,03520099999,03330099999,03535099999,03544099999"
Wolverhampton,2021-09-25,21.4,15.9,17.8,21.4,15.9,17.8,15,84.1,0.118,100,8.33,rain,0,0,18.4,10.9,196.3,1013.1,84.7,28,57.2,5,2,,2021-09-25T06:59:37,2021-09-25T18:59:36,0.64,"Rain, Partially cloudy",Partly cloudy throughout the day with rain in the morning and afternoon.,rain,"03414099999,03529099999,E8801,D6997,03520099999,03330099999,03535099999,03544099999"
Wolverhampton,2021-09-26,20,12.4,16.5,20,12.4,16.5,12.8,79.8,0,0,0,,0,0,36.8,21.9,192.9,1009.7,69.8,27.4,127.4,11.1,6,,2021-09-26T07:01:19,2021-09-26T18:57:14,0.68,Partially cloudy,Partly cloudy throughout the day.,partly-cloudy-day,"03414099999,03529099999,E8801,D6997,03520099999,03330099999,03535099999,03544099999"
Wolverhampton,2021-09-27,16.9,9.9,13.9,16.9,7.8,13.8,10,77.9,10.115,100,29.17,rain,0,0,56.2,24.3,217.1,1007.3,56.2,41,104.1,8.9,5,,2021-09-27T07:03:01,2021-09-27T18:54:51,0.71,"Rain, Partially cloudy",Partly cloudy throughout the day with rain.,rain,"03414099999,03529099999,E8801,03520099999,03330099999,03535099999,03544099999"
Wolverhampton,2021-09-28,15.3,8.9,11.4,15.3,7,10.8,9.4,87.8,13.756,100,45.83,rain,0,0,47.5,22.4,197.4,1012.8,66.7,24.2,53.6,4.5,3,,2021-09-28T07:04:43,2021-09-28T18:52:29,0.74,"Rain, Partially cloudy",Partly cloudy throughout the day with rain.,rain,"03414099999,03529099999,E8801,D6997,03520099999,03330099999,03535099999,03544099999"
Wolverhampton,2021-09-29,13.8,6.1,9.8,13.8,4.7,9,5.9,78.2,2.706,100,29.17,rain,0,0,38.9,20.2,278.6,1018.7,45.1,33.4,91.6,7.5,4,,2021-09-29T07:06:25,2021-09-29T18:50:07,0.75,"Rain, Partially cloudy",Partly cloudy throughout the day with a chance of rain throughout the day.,rain,"03414099999,03529099999,E8801,03520099999,03330099999,03535099999,03544099999,F2638"
Wolverhampton,2021-09-30,15.9,7.8,12.2,15.9,6.4,11.6,10.4,88.4,4.128,100,45.83,rain,0,0,53.1,30.9,204.3,1016.4,88,23.1,55.8,4.7,3,,2021-09-30T07:08:08,2021-09-30T18:47:46,0.81,"Rain, Partially cloudy",Partly cloudy throughout the day with a chance of rain throughout the day.,rain,"03414099999,03529099999,E8801,03520099999,03330099999,03535099999,03544099999,AU757"
Wolverhampton,2021-10-01,14.8,8.5,12.8,14.8,6.7,12.5,8.8,78.1,10.025,100,41.67,rain,0,0,43,22.7,235.4,1007.6,55.3,28.1,106,9.2,5,,2021-10-01T07:09:50,2021-10-01T18:45:24,0.84,"Rain, Partially cloudy",Partly cloudy throughout the day with a chance of rain throughout the day.,rain,"03414099999,03529099999,E8801,03520099999,03330099999,03535099999,03544099999"
Wolverhampton,2021-10-02,12.6,7,10,12.6,5,9.1,8.4,89.9,6.252,100,41.67,rain,0,0,39.8,20.3,169.3,996.6,79.7,24.7,22.3,1.8,1,,2021-10-02T07:11:33,2021-10-02T18:43:03,0.87,"Rain, Partially cloudy",Partly cloudy throughout the day with rain.,rain,"03414099999,03529099999,E8801,03520099999,03330099999,03535099999,03544099999"
Wolverhampton,2021-10-03,14.1,6.4,10.3,14.1,4.3,9.3,7.7,84.3,0.933,100,20.83,rain,0,0,47.5,27.9,215.2,994.5,43.8,36.2,88.9,7.6,4,,2021-10-03T07:13:16,2021-10-03T18:40:42,0.9,"Rain, Partially cloudy",Partly cloudy throughout the day with a chance of rain throughout the day.,rain,"03414099999,03529099999,E8801,03520099999,03330099999,03535099999,03544099999"
Wolverhampton,2021-10-04,14.2,8.3,11.1,14.2,6.5,10.3,8.7,85.6,3.143,100,29.17,rain,0,0,33.5,20.1,194.4,1004.9,58.2,30.8,62.3,5.2,4,,2021-10-04T07:15:00,2021-10-04T18:38:22,0.94,"Rain, Partially cloudy",Partly cloudy throughout the day with rain.,rain,"03414099999,03529099999,E8801,03520099999,03330099999,03535099999,03544099999"
Wolverhampton,2021-10-05,13.5,9.2,11.1,13.5,7.1,10.8,8.4,83.9,11.844,100,41.67,rain,0,0,55.6,30.3,264.9,1000.5,70.6,33.9,70.7,6.1,5,,2021-10-05T07:16:44,2021-10-05T18:36:02,0.97,"Rain, Partially cloudy",Partly cloudy throughout the day with a chance of rain throughout the day.,rain,"03414099999,03529099999,E8801,03520099999,03330099999,03535099999,03544099999"
Wolverhampton,2021-10-06,15.4,9.3,12.4,15.4,7,12.2,7.6,72.8,0.723,100,8.33,rain,0,0,45.9,22.5,279.4,1017.9,56.6,34.1,102,8.7,5,,2021-10-06T07:18:28,2021-10-06T18:33:43,0,"Rain, Partially cloudy",Partly cloudy throughout the day with rain.,rain,"03414099999,03529099999,E8801,03520099999,03330099999,03535099999,03544099999"
Wolverhampton,2021-10-07,18.7,13,15.3,18.7,13,15.3,12.9,86.1,0.02,100,4.17,rain,0,0,24.4,17.5,193.3,1024.1,85.1,29.5,53.5,4.8,2,,2021-10-07T07:20:12,2021-10-07T18:31:24,0.04,"Rain, Partially cloudy",Partly cloudy throughout the day with early morning rain.,rain,"03414099999,03529099999,E8801,03520099999,03330099999,03535099999,03544099999"
Wolverhampton,2021-10-08,15.6,12.2,14,15.6,12.2,14,12.9,93,0.021,100,4.17,rain,0,0,19,10,182.3,1029,89.3,13.9,28.7,2.4,1,,2021-10-08T07:21:56,2021-10-08T18:29:06,0.07,"Rain, Partially cloudy",Partly cloudy throughout the day with morning rain.,rain,"03414099999,03529099999,E8801,D6997,03520099999,03330099999,03535099999,03544099999"
Wolverhampton,2021-10-09,17.5,12.9,14.6,17.5,12.9,14.6,12.5,87.9,0,0,0,,0,0,13,5.3,138.2,1028.6,81.5,9.8,36.6,3.1,2,,2021-10-09T07:23:41,2021-10-09T18:26:48,0.11,Partially cloudy,Partly cloudy throughout the day.,partly-cloudy-day,"03414099999,03529099999,E8801,03520099999,03330099999,03535099999,03544099999,AU757"
Wolverhampton,2021-10-10,16,8.7,13.1,16,7.7,13,9.8,81.1,0.097,100,4.17,rain,0,0,26.5,15.4,327,1030.5,52.9,15.8,95.6,8.2,4,,2021-10-10T07:25:26,2021-10-10T18:24:31,0.14,"Rain, Partially cloudy",Partly cloudy throughout the day with early morning rain.,rain,"03414099999,03529099999,E8801,03520099999,03330099999,03535099999,03544099999"
Wolverhampton,2021-10-11,15.4,6.9,10.2,15.4,5.1,9.5,7.5,84.4,0,0,0,,0,0,24.8,15.3,301.4,1031.2,36.6,19,92.3,8,5,,2021-10-11T07:27:12,2021-10-11T18:22:15,0.18,Partially cloudy,Becoming cloudy in the afternoon.,partly-cloudy-day,"03414099999,03529099999,E8801,03520099999,03330099999,03535099999,03544099999"
Wolverhampton,2021-10-12,15,7.8,11.5,15,6.9,11.1,9.6,88.4,0.712,100,45.83,rain,0,0,25.5,14.5,313.2,1026.6,89.7,25,41,3.5,2,,2021-10-12T07:28:58,2021-10-12T18:19:59,0.21,"Rain, Partially cloudy",Partly cloudy throughout the day with rain.,rain,"03414099999,03529099999,E8801,03520099999,03330099999,03535099999,03544099999"
Wolverhampton,2021-10-13,15.3,10.1,12.4,15.3,10.1,12.4,10.8,90.1,0.471,100,37.5,rain,0,0,17.8,10.1,282,1027.5,93.4,23.6,44.5,3.6,2,,2021-10-13T07:30:44,2021-10-13T18:17:44,0.25,"Rain, Overcast",Cloudy skies throughout the day with rain.,rain,"03414099999,03529099999,E8801,03520099999,03330099999,03535099999,03544099999"
Wolverhampton,2021-10-14,15.1,8.3,12,15.1,7.9,12,9.4,84.3,0,0,0,,0,0,25.7,16.7,244.5,1022.7,87.2,26.8,33.3,2.9,2,,2021-10-14T07:32:30,2021-10-14T18:15:30,0.28,Partially cloudy,Partly cloudy throughout the day.,partly-cloudy-day,"03414099999,03529099999,E8801,03520099999,03330099999,03535099999,03544099999"
Wolverhampton,2021-10-15,12.6,6.4,10.5,12.6,6.4,10.3,6.9,78.7,0.235,100,25,rain,0,0,20.5,14,45.2,1020.4,68.8,34.7,103.5,8.9,5,,2021-10-15T07:34:17,2021-10-15T18:13:16,0.32,"Rain, Partially cloudy",Partly cloudy throughout the day with rain clearing later.,rain,"03414099999,03529099999,E8801,03520099999,03330099999,03535099999,03544099999"
Wolverhampton,2021-10-16,15.4,6,10.2,15.4,5.2,10.1,7.9,86,0,0,0,,0,0,16.8,11.4,178.7,1019.5,77.8,16.9,79.8,6.9,4,,2021-10-16T07:36:04,2021-10-16T18:11:04,0.35,Partially cloudy,Partly cloudy throughout the day.,partly-cloudy-day,"03414099999,03529099999,E8801,03520099999,03330099999,03535099999,03544099999"
Wolverhampton,2021-10-17,16.1,9.7,12.8,16.1,8.8,12.7,10.9,88.6,3.217,100,37.5,rain,0,0,28,19.2,202.6,1015.3,84.5,16.8,39.3,3.2,2,,2021-10-17T07:37:51,2021-10-17T18:08:52,0.39,"Rain, Partially cloudy",Partly cloudy throughout the day with a chance of rain throughout the day.,rain,"03414099999,03529099999,E8801,D6997,03520099999,03330099999,03535099999,03544099999"
Wolverhampton,2021-10-18,16.1,9.9,13.3,16.1,8.6,13.3,12.4,94,1.006,100,37.5,rain,0,0,26.8,17,182.4,1013.7,79.3,17.8,15,1.1,1,,2021-10-18T07:39:39,2021-10-18T18:06:41,0.42,"Rain, Partially cloudy",Partly cloudy throughout the day with rain.,rain,"03414099999,03529099999,E8801,D6997,03520099999,03330099999,03535099999,03544099999"
Wolverhampton,2021-10-19,17.7,15.1,16.5,17.7,15.1,16.5,15.2,91.9,3.534,100,66.67,rain,0,0,45,27.4,208.4,1008.1,98.3,23.6,18.3,1.7,1,,2021-10-19T07:41:27,2021-10-19T18:04:31,0.46,"Rain, Overcast",Cloudy skies throughout the day with a chance of rain throughout the day.,rain,"03414099999,03529099999,E8801,D6997,03520099999,03330099999,03535099999,03544099999"
Wolverhampton,2021-10-20,15.7,8.7,12.8,15.7,6.6,12.6,10.8,87.9,11.418,100,70.83,rain,0,0,45.6,25.3,243.9,997.3,85.2,28.8,132.8,11.1,3,,2021-10-20T07:43:15,2021-10-20T18:02:22,0.5,"Rain, Partially cloudy",Partly cloudy throughout the day with a chance of rain throughout the day.,rain,"03414099999,03529099999,E8801,F4718,03520099999,03330099999,03535099999,03544099999,F2638"
Wolverhampton,2021-10-21,11.3,5.3,8.1,11.3,1.9,6.1,3.5,73.5,0.796,100,29.17,rain,0,0,43.4,23.6,305.2,1007.7,39.2,41.1,286.7,24.1,4,,2021-10-21T07:45:04,2021-10-21T18:00:14,0.53,"Rain, Partially cloudy",Partly cloudy throughout the day with rain clearing later.,rain,"03414099999,03529099999,E8801,F4718,03520099999,03330099999,03535099999,03544099999"
Wolverhampton,2021-10-22,12.6,5.4,8.8,12.6,3.3,7.6,5.5,80,0.306,100,33.33,rain,0,0,32.5,19.9,262.7,1019.9,70.4,44,265.2,22.2,3,,2021-10-22T07:46:53,2021-10-22T17:58:07,0.56,"Rain, Partially cloudy",Partly cloudy throughout the day with a chance of rain throughout the day.,rain,"03414099999,03529099999,E8801,F4718,03520099999,03330099999,03535099999,03544099999"
Wolverhampton,2021-10-23,12,7.7,10,12,6.6,9.5,6.3,78.4,0,0,0,,0,0,30.7,19.4,193.7,1022.9,96.1,51.2,239.5,20.2,2,,2021-10-23T07:48:42,2021-10-23T17:56:01,0.59,Overcast,Cloudy skies throughout the day.,cloudy,"03414099999,03529099999,E8801,F4718,03520099999,03330099999,03535099999,03544099999"
Wolverhampton,2021-10-24,13,10,11.4,13,10,11.4,8.4,82.3,1.105,100,41.67,rain,0,0,34.9,21.1,178.9,1015,83.5,37.4,232.6,19.5,2,,2021-10-24T07:50:31,2021-10-24T17:53:57,0.63,"Rain, Partially cloudy",Partly cloudy throughout the day with a chance of rain throughout the day.,rain,"03414099999,03529099999,E8801,F4718,03520099999,03330099999,03535099999,03544099999"
Wolverhampton,2021-10-25,13.9,7.4,10.7,13.9,6.2,10.2,8.3,85.6,0.129,100,12.5,rain,0,0,25.8,16.3,221.3,1013.1,51.3,28.3,262.8,22.1,4,,2021-10-25T07:52:21,2021-10-25T17:51:53,0.66,"Rain, Partially cloudy",Partly cloudy throughout the day with a chance of rain throughout the day.,rain,"03414099999,03529099999,E8801,F4718,03520099999,03330099999,03535099999,03544099999"
Wolverhampton,2021-10-26,15.2,7.9,12,15.2,6.4,11.5,10.2,89,0.102,100,16.67,rain,0,0,36,22.4,204.9,1015.3,89.5,33.5,230,19.2,1,,2021-10-26T07:54:10,2021-10-26T17:49:51,0.69,"Rain, Partially cloudy",Partly cloudy throughout the day with rain.,rain,"03414099999,03529099999,E8801,F4718,03520099999,03330099999,03535099999,03544099999"
Wolverhampton,2021-10-27,16,14.2,14.9,16,14.2,14.9,11.4,79.6,0.018,100,4.17,rain,0,0,43.3,27,203.4,1013.8,96.8,46.2,238.5,19.9,2,,2021-10-27T07:56:01,2021-10-27T17:47:50,0.72,"Rain, Overcast",Cloudy skies throughout the day with morning rain.,rain,"03414099999,03529099999,E8801,F4718,03520099999,03330099999,03535099999,03544099999,AU757"
Wolverhampton,2021-10-28,15.3,12.9,14.1,15.3,12.9,14.1,10.9,81.6,5.657,100,41.67,rain,0,0,47.6,30.1,180.2,1004.6,91.9,32.1,230.5,19.3,2,,2021-10-28T07:57:51,2021-10-28T17:45:51,0.75,"Rain, Overcast",Cloudy skies throughout the day with rain.,rain,"03414099999,03529099999,E8801,F4718,D6997,03520099999,03330099999,03535099999,03544099999"
Wolverhampton,2021-10-29,13.3,8.5,11.8,13.3,6.3,11.4,9.5,86.1,13.619,100,70.83,rain,0,0,50.3,33.1,181.3,994.4,74,31.8,255.6,21.4,4,,2021-10-29T07:59:41,2021-10-29T17:43:53,0.79,"Rain, Partially cloudy",Partly cloudy throughout the day with a chance of rain throughout the day.,rain,"03414099999,03529099999,E8801,F4718,03520099999,03330099999,03535099999,03544099999"
Wolverhampton,2021-10-30,12.6,6.7,9.8,12.6,4.5,8.7,7.2,84.3,8.853,100,45.83,rain,0,0,31.7,18.7,186.7,994.3,50,42.2,278.5,23.3,5,,2021-10-30T08:01:32,2021-10-30T17:41:56,0.82,"Rain, Partially cloudy",Partly cloudy throughout the day with a chance of rain throughout the day.,rain,"03414099999,03529099999,E8801,F4718,03520099999,03330099999,03535099999,03544099999"
Wolverhampton,2021-10-31,11.9,5.9,9.7,11.9,3.9,8.2,7.1,84.3,18,100,66.67,rain,0,0,56.4,35.8,186,988.2,64.7,31.1,267.4,23.3,3,,2021-10-31T07:03:22,2021-10-31T16:40:01,0.85,"Rain, Partially cloudy",Partly cloudy throughout the day with a chance of rain throughout the day.,rain,"03414099999,03529099999,E8801,F4718,03520099999,03330099999,03535099999,03544099999,AU757"
Wolverhampton,2021-11-01,11.1,4.7,8.5,11.1,2.9,6.6,5.4,81,2.384,100,58.33,rain,0,0,43.5,27.7,233.7,991.3,60.7,43.4,254.6,21.4,3,,2021-11-01T07:05:13,2021-11-01T16:38:07,0.89,"Rain, Partially cloudy",Partly cloudy throughout the day with a chance of rain throughout the day.,rain,"03414099999,03529099999,E8801,F4718,D6997,03520099999,03330099999,03535099999,03544099999"
Wolverhampton,2021-11-02,11.1,1.8,5.4,11.1,0.1,4.7,3.7,89.7,0.861,100,33.33,rain,0,0,23.3,11.7,231.3,998.5,31.3,28.9,266.9,22.4,3,,2021-11-02T07:07:04,2021-11-02T16:36:15,0.92,"Rain, Partially cloudy",Partly cloudy throughout the day with a chance of rain throughout the day.,rain,"03414099999,03529099999,E8801,F4718,D6997,03520099999,03330099999,03535099999,03544099999"
Wolverhampton,2021-11-03,9.6,1.9,6,7.4,1.9,4.7,4.4,90.3,0.681,100,29.17,rain,0,0,23.8,15.5,333.2,1005.9,82.6,28.6,255,21.4,3,,2021-11-03T07:08:55,2021-11-03T16:34:25,0.95,"Rain, Partially cloudy",Partly cloudy throughout the day with rain in the morning and afternoon.,rain,"03414099999,03529099999,E8801,F4718,03520099999,03330099999,03535099999,03544099999"
Wolverhampton,2021-11-04,8.8,1.2,4.9,6.2,0.3,2.7,2,82,0,0,0,,0,0,30.9,17.7,326.1,1017.2,41.6,51.5,56,4.7,3,,2021-11-04T07:10:46,2021-11-04T16:32:36,0,Partially cloudy,Partly cloudy throughout the day.,partly-cloudy-day,"03414099999,03529099999,E8801,03520099999,03330099999,03535099999,03544099999"
Wolverhampton,2021-11-05,11.2,-0.1,5.7,11.2,-0.1,5.2,4.2,90,0.244,100,20.83,rain,0,0,17,12.2,251.1,1025.9,69.4,24.3,39,3.3,2,,2021-11-05T07:12:37,2021-11-05T16:30:49,0.02,"Rain, Partially cloudy",Partly cloudy throughout the day with rain in the morning and afternoon.,rain,"03414099999,03529099999,E8801,D6997,03520099999,03330099999,03535099999,03544099999"
Wolverhampton,2021-11-06,12.5,8.9,10.8,12.5,7.2,10.2,8.2,84.1,0.137,100,16.67,rain,0,0,43.5,27.4,233.2,1022,91.6,38.9,23.5,2,1,,2021-11-06T07:14:27,2021-11-06T16:29:04,0.06,"Rain, Overcast",Cloudy skies throughout the day with rain.,rain,"03414099999,03529099999,E8801,03520099999,03330099999,03535099999,03544099999"
Wolverhampton,2021-11-07,10.9,5.4,8.8,10.9,3.4,7.3,4,72.5,0,0,0,,0,0,36.4,24.9,274.1,1021.3,54,24.9,42.1,3.6,2,,2021-11-07T07:16:18,2021-11-07T16:27:20,0.09,Partially cloudy,Partly cloudy throughout the day.,partly-cloudy-day,"03414099999,03529099999,E8801,03520099999,03330099999,03535099999,03544099999"
Wolverhampton,2021-11-08,12,2.9,8.2,12,1.5,7.6,6.8,91.4,0.33,100,16.67,rain,0,0,19.1,13,216.2,1022.3,75.7,18.8,30,2.7,2,,2021-11-08T07:18:08,2021-11-08T16:25:39,0.12,"Rain, Partially cloudy",Partly cloudy throughout the day with rain.,rain,"03414099999,03529099999,E8801,03520099999,03330099999,03535099999,03544099999,F2638"
Wolverhampton,2021-11-09,14,11.3,12.5,14,11.3,12.5,10.4,87.4,0.092,100,8.33,rain,0,0,27.7,19.3,201.9,1020.8,92.5,42.6,22.9,1.9,2,,2021-11-09T07:19:59,2021-11-09T16:23:59,0.16,"Rain, Overcast",Cloudy skies throughout the day with rain.,rain,"03414099999,03529099999,E8801,03520099999,03330099999,03535099999,03544099999"
Wolverhampton,2021-11-10,12.1,9.7,10.7,12.1,9.3,10.6,9.7,93.9,1.198,100,70.83,rain,0,0,18.5,11.9,316.2,1022.4,97.5,16.9,23.9,2,1,,2021-11-10T07:21:48,2021-11-10T16:22:22,0.19,"Rain, Overcast",Cloudy skies throughout the day with a chance of rain throughout the day.,rain,"03414099999,03529099999,E8801,03520099999,03330099999,03535099999,03544099999,F2638"
Wolverhampton,2021-11-11,12.5,8.8,10.6,12.5,7.5,10.5,9.4,92.7,1.337,100,50,rain,0,0,23.6,16.6,182.1,1020.9,95,21.2,15.4,1.4,1,,2021-11-11T07:23:38,2021-11-11T16:20:46,0.25,"Rain, Overcast",Cloudy skies throughout the day with a chance of rain throughout the day.,rain,"03414099999,03529099999,E8801,03520099999,03330099999,03535099999,03544099999"
Wolverhampton,2021-11-12,13,9.4,11.2,13,6.6,10.5,9.1,87.1,1.902,100,70.83,rain,0,0,36.9,21.3,211.2,1008.4,89.4,30.1,27.5,2.3,1,,2021-11-12T07:25:27,2021-11-12T16:19:13,0.26,"Rain, Partially cloudy",Partly cloudy throughout the day with a chance of rain throughout the day.,rain,"03414099999,03529099999,E8801,03520099999,03330099999,03535099999,03544099999"
Wolverhampton,2021-11-13,12.2,8.8,10.7,12.2,8,10.6,8.2,84.4,0.355,100,29.17,rain,0,0,29.2,19.5,304.8,1016.6,96.1,39.4,20.7,1.7,1,,2021-11-13T07:27:16,2021-11-13T16:17:42,0.3,"Rain, Overcast",Cloudy skies throughout the day with rain clearing later.,rain,"03414099999,03529099999,E8801,03520099999,03330099999,03535099999,03544099999"
Wolverhampton,2021-11-14,11.5,6.1,8.5,11.5,5.2,8,7.3,92.2,0.039,100,4.17,rain,0,0,13.6,8.4,357.6,1025.5,83.3,15.4,17.9,1.5,1,,2021-11-14T07:29:04,2021-11-14T16:16:13,0.33,"Rain, Partially cloudy",Partly cloudy throughout the day with afternoon rain.,rain,"03414099999,03529099999,E8801,03520099999,03330099999,03535099999,03544099999,F2638"
Wolverhampton,2021-11-15,10.6,6.6,8.5,10.6,6.6,8.4,7.8,95.3,0.077,100,12.5,rain,0,0,10.2,7.4,146.2,1027,93.4,5,20.7,1.6,1,,2021-11-15T07:30:52,2021-11-15T16:14:46,0.37,"Rain, Overcast",Cloudy skies throughout the day with rain.,rain,"03414099999,03529099999,E8801,03520099999,03330099999,03535099999,03544099999"
Wolverhampton,2021-11-16,11.2,8.3,9.6,11.2,7.1,9.2,8.7,94.6,0.284,100,37.5,rain,0,0,18.1,13.8,213.3,1021.4,90.1,17.7,13.6,1.2,1,,2021-11-16T07:32:39,2021-11-16T16:13:22,0.4,"Rain, Overcast",Cloudy skies throughout the day with a chance of rain throughout the day.,rain,"03414099999,03529099999,E8801,03520099999,03330099999,03535099999,03544099999,F2638"
Wolverhampton,2021-11-17,11.5,6,8.3,11.5,4.3,7,5.5,82.7,0.02,100,4.17,rain,0,0,24.3,17.7,253.6,1023.6,59.2,24.6,30.7,2.8,2,,2021-11-17T07:34:25,2021-11-17T16:12:00,0.44,"Rain, Partially cloudy",Partly cloudy throughout the day with early morning rain.,rain,"03414099999,03529099999,E8801,03520099999,03330099999,03535099999,03544099999"
Wolverhampton,2021-11-18,13.6,7.6,10.5,13.6,5.1,9.7,8.4,86.8,0.04,100,8.33,rain,0,0,21.7,16.7,233.6,1027.5,78.7,40.8,19.8,1.8,1,,2021-11-18T07:36:10,2021-11-18T16:10:41,0.47,"Rain, Partially cloudy",Partly cloudy throughout the day with rain in the morning and afternoon.,rain,"03414099999,03529099999,E8801,03520099999,03330099999,03535099999,03544099999"
Wolverhampton,2021-11-19,12.5,10,11.1,12.5,9.3,11.1,9,86.7,0,0,0,,0,0,18.1,13.8,233.4,1029.6,93.9,54.3,19.4,1.7,1,,2021-11-19T07:37:55,2021-11-19T16:09:24,0.5,Overcast,Cloudy skies throughout the day.,cloudy,"03414099999,03529099999,E8801,03520099999,03330099999,03535099999,03544099999"
Wolverhampton,2021-11-20,10.7,8.2,9.6,10.7,5.9,8.6,6.7,82.2,0.18,100,20.83,rain,0,0,22,13.3,260.6,1023.4,95.7,45,18,1.5,1,,2021-11-20T07:39:39,2021-11-20T16:08:10,0.54,"Rain, Overcast",Cloudy skies throughout the day with late afternoon rain.,rain,"03414099999,03529099999,E8801,D6997,03520099999,03330099999,03535099999,03544099999"
Wolverhampton,2021-11-21,7.4,1.9,4.7,5.4,-1.8,1.6,1.6,80.8,0.039,100,4.17,rain,0,0,28.7,21.7,343,1022.2,27.3,48.3,46.8,4,3,,2021-11-21T07:41:21,2021-11-21T16:06:58,0.57,"Rain, Partially cloudy",Partly cloudy throughout the day with early morning rain.,rain,"03414099999,03529099999,E8801,03520099999,03330099999,03535099999,03544099999"
Wolverhampton,2021-11-22,8.1,0.4,2.9,5.7,-2.8,0.9,1,87.9,0.089,100,12.5,rain,0,0,19.8,14,348.5,1032.4,7,31.8,44.6,3.9,3,,2021-11-22T07:43:03,2021-11-22T16:05:49,0.6,Rain,Clear conditions throughout the day with rain.,rain,"03414099999,03529099999,E8801,03520099999,03330099999,03535099999,03544099999,F2638"
Wolverhampton,2021-11-23,7.7,1,5.2,7.2,-0.8,4.2,4.1,92.8,0.072,100,4.17,rain,0,0,11.5,9.1,307.1,1032.7,95.1,23.5,10.2,1,1,,2021-11-23T07:44:43,2021-11-23T16:04:43,0.64,"Rain, Overcast",Cloudy skies throughout the day with early morning rain.,rain,"03414099999,03529099999,E8801,03520099999,03330099999,03535099999,03544099999"
Wolverhampton,2021-11-24,7.4,5.4,6.4,6.9,3,4.9,4.5,87.9,0.041,100,8.33,rain,0,0,17.6,12,265.2,1021.7,96.5,23.6,20.5,1.8,2,,2021-11-24T07:46:22,2021-11-24T16:03:40,0.67,"Rain, Overcast",Cloudy skies throughout the day with rain.,rain,"03414099999,03529099999,E8801,D6997,03520099999,03330099999,03535099999,03544099999"
Wolverhampton,2021-11-25,6.2,0.7,3.3,3,-2,0.6,0.3,81.3,0.117,100,12.5,rain,0,0,25.2,17.9,320.3,1017.8,38.2,36.9,43.4,3.7,2,,2021-11-25T07:48:00,2021-11-25T16:02:40,0.7,"Rain, Partially cloudy",Becoming cloudy in the afternoon with rain.,rain,"03414099999,03529099999,E8801,03520099999,03330099999,03535099999,03544099999"
Wolverhampton,2021-11-26,6.9,3,4.9,3.8,-2.4,1,2.3,83.4,5.934,100,79.17,rain,0,0,59.3,33,275.5,995.2,77,33.3,25.8,2,2,,2021-11-26T07:49:36,2021-11-26T16:01:42,0.74,"Rain, Partially cloudy",Partly cloudy throughout the day with a chance of rain throughout the day.,rain,"03414099999,03529099999,E8801,03520099999,03330099999,03535099999,03544099999,F2638"
Wolverhampton,2021-11-27,3.7,0,2.3,-2.2,-5.3,-3.8,-1.7,75.4,7.614,100,66.67,"rain,snow",0,0,66.2,43.2,333.9,999.2,73.5,39.2,24,2.1,1,,2021-11-27T07:51:11,2021-11-27T16:00:48,0.75,"Snow, Rain, Partially cloudy",Partly cloudy throughout the day with a chance of rain or snow throughout the day.,rain,"03414099999,03529099999,D6997,03520099999,03330099999,03535099999,03544099999,AU757"
Wolverhampton,2021-11-28,3.1,-2.6,-0.2,0.6,-6.2,-3.1,-3.2,80.9,0.721,100,12.5,"rain,snow",0,0,27.1,17.4,324.1,1008.8,57,39.8,26,2.2,2,,2021-11-28T07:52:44,2021-11-28T15:59:56,0.81,"Snow, Rain, Partially cloudy",Partly cloudy throughout the day with rain or snow.,rain,"03414099999,03529099999,03520099999,03330099999,03535099999,03544099999,AU757"
Wolverhampton,2021-11-29,5.9,-3.4,0.5,3,-5.6,-1.2,-0.5,93.2,1.774,100,33.33,"rain,snow",0,0,19.9,14.1,243.4,1014.1,81.4,19.1,17.5,1.4,1,,2021-11-29T07:54:16,2021-11-29T15:59:08,0.84,"Snow, Rain, Partially cloudy",Partly cloudy throughout the day with rain or snow.,rain,"03414099999,03529099999,D6997,03520099999,03330099999,03535099999,03544099999,AU757"
Wolverhampton,2021-11-30,12,6.4,9.8,12,4.1,8.6,7.6,86.4,0.531,100,50,rain,0,0,41.6,27.9,238.1,1008.1,96.8,50.1,23.5,2,1,,2021-11-30T07:55:45,2021-11-30T15:58:23,0.87,"Rain, Overcast",Cloudy skies throughout the day with rain.,rain,"03414099999,03529099999,03520099999,03330099999,03535099999,03544099999,AU757"
Wolverhampton,2021-12-01,10,0.7,6,7.4,-3.3,2.6,3.6,84.2,4.796,100,83.33,"rain,snow",0,0,44.5,26.2,296.9,999.8,71.4,42.4,21,1.8,2,,2021-12-01T07:57:13,2021-12-01T15:57:41,0.91,"Snow, Rain, Partially cloudy",Partly cloudy throughout the day with a chance of rain or snow throughout the day.,rain,"03414099999,03529099999,D6997,03520099999,03330099999,03535099999,03544099999,AU757"
Wolverhampton,2021-12-02,3.9,0.1,1.4,1,-3.8,-1.9,-1.9,78.8,0.317,100,29.17,"rain,snow",0,0,26.7,19.5,298.9,1012.7,40.4,43.7,35.3,3.1,2,,2021-12-02T07:58:39,2021-12-02T15:57:02,0.94,"Snow, Rain, Partially cloudy",Partly cloudy throughout the day with a chance of rain or snow throughout the day.,rain,"03414099999,03529099999,D6997,03520099999,03330099999,03535099999,03544099999,AU757"
Wolverhampton,2021-12-03,7.7,1.2,4.6,6.5,-3,2.7,3.9,95.1,2.225,100,41.67,"rain,snow",0,0,27.7,18.5,218.4,1003.2,96,14.5,13.5,1.2,1,,2021-12-03T08:00:02,2021-12-03T15:56:27,0.97,"Snow, Rain, Overcast",Cloudy skies throughout the day with a chance of rain or snow throughout the day.,rain,"03414099999,03529099999,03520099999,03330099999,03535099999,03544099999,AU757"
Wolverhampton,2021-12-04,6.9,3.9,5.2,3.2,-0.3,1.6,2.5,82.8,9.259,100,70.83,rain,0,0,50.4,34,269.6,996.8,69.5,32.4,29.6,2.6,2,,2021-12-04T08:01:24,2021-12-04T15:55:55,0,"Rain, Partially cloudy",Partly cloudy throughout the day with a chance of rain throughout the day.,rain,"03414099999,03529099999,D6997,03520099999,03330099999,03535099999,03544099999,AU757"
Wolverhampton,2021-12-05,5.8,0.8,4.3,1.9,-1.2,0.3,1.9,84.2,1.71,100,58.33,rain,0,0,45,31.2,324.8,1009.3,85.8,41.4,17.1,1.4,1,,2021-12-05T08:02:43,2021-12-05T15:55:26,0.04,"Rain, Partially cloudy",Partly cloudy throughout the day with a chance of rain throughout the day.,rain,"03414099999,03529099999,03520099999,03330099999,03535099999,03544099999,AU757"
Wolverhampton,2021-12-06,5.7,0,2.8,3.2,-1.5,0.2,1.5,91.1,4.076,100,62.5,rain,0,0,25.9,15.2,217.4,1008.6,69.7,23.3,11.5,1,1,,2021-12-06T08:04:00,2021-12-06T15:55:01,0.07,"Rain, Partially cloudy",Partly cloudy throughout the day with rain.,rain,"03414099999,03529099999,03520099999,03330099999,03535099999,03544099999,AU757"
Wolverhampton,2021-12-07,6.5,1.1,4.2,2.5,-1.7,0.3,1.9,84.8,0.479,100,16.67,rain,0,0,60.5,36.6,172,992.6,74.1,26.7,10.1,0.9,1,,2021-12-07T08:05:15,2021-12-07T15:54:39,0.11,"Rain, Partially cloudy",Partly cloudy throughout the day with afternoon rain.,rain,"03414099999,03529099999,03520099999,03330099999,03535099999,03544099999,AU757"
Wolverhampton,2021-12-08,6.3,4.3,5.1,2,-0.5,0.6,2.1,81.2,1.295,100,16.67,rain,0,0,55.7,32.9,234,986.1,92.3,38.9,19.9,1.7,1,,2021-12-08T08:06:27,2021-12-08T15:54:21,0.14,"Rain, Overcast",Cloudy skies throughout the day with a chance of rain throughout the day.,rain,"03414099999,03529099999,03520099999,03330099999,03535099999,03544099999,AU757"
Wolverhampton,2021-12-09,7,4.1,5.6,4.6,1.2,2.6,3.4,86.6,2.657,100,41.67,rain,0,0,29.2,29.5,232.8,997.1,73.6,24.6,22.8,2,2,,2021-12-09T08:07:36,2021-12-09T15:54:06,0.17,"Rain, Partially cloudy",Partly cloudy throughout the day with rain.,rain,"03414099999,03529099999,D6997,03520099999,03330099999,03535099999,03544099999,AU757"
Wolverhampton,2021-12-10,6.9,1.3,4.4,4.2,-1,1,1.7,82.9,1.969,100,58.33,rain,0,0,36.6,23,293.1,1000.5,46.5,38.2,27.7,2.4,2,,2021-12-10T08:08:42,2021-12-10T15:53:55,0.21,"Rain, Partially cloudy",Partly cloudy throughout the day with a chance of rain throughout the day.,rain,"03414099999,03529099999,03520099999,03330099999,03535099999,03544099999,F2638,AU757"
Wolverhampton,2021-12-11,11.1,1,5.8,11.1,-1,3.9,4.7,92.9,1.806,100,37.5,rain,0,0,26.2,16.9,203.4,1013.4,94,19.6,11.3,1.1,1,,2021-12-11T08:09:46,2021-12-11T15:53:47,0.25,"Rain, Overcast",Cloudy skies throughout the day with rain.,rain,"03414099999,03529099999,D6997,03520099999,03330099999,03535099999,03544099999,AU757"
Wolverhampton,2021-12-12,13.1,10.9,11.8,13.1,10.9,11.8,9.8,87.8,0.38,100,41.67,rain,0,0,33.4,24,206.3,1016.4,93.4,51.6,21.1,1.9,2,,2021-12-12T08:10:47,2021-12-12T15:53:43,0.27,"Rain, Overcast",Cloudy skies throughout the day with rain clearing later.,rain,"03414099999,03529099999,D6997,03520099999,03330099999,03535099999,03544099999,AU757"
Wolverhampton,2021-12-13,11.3,9.2,10.3,11.3,6.8,9.8,8.7,89.6,1.426,100,75,rain,0,0,31.4,22.2,219.7,1020.4,97.2,36.4,18.2,1.4,1,,2021-12-13T08:11:46,2021-12-13T15:53:43,0.31,"Rain, Overcast",Cloudy skies throughout the day with a chance of rain throughout the day.,rain,"03414099999,03529099999,03520099999,03330099999,03535099999,03544099999,AU757"
Wolverhampton,2021-12-14,12,8.3,10.1,12,7.1,9.3,8.8,91.6,0.901,100,16.67,rain,0,0,25.9,17.3,225.1,1024.4,91.8,33.5,15.3,1.3,1,,2021-12-14T08:12:41,2021-12-14T15:53:46,0.34,"Rain, Overcast",Cloudy skies throughout the day with rain clearing later.,rain,"03414099999,03529099999,03520099999,03330099999,03535099999,03544099999,AU757"
Wolverhampton,2021-12-15,12.2,9.1,10.4,12.2,6.7,9.8,7.8,84.1,0,0,0,,0,0,21.4,16.2,227,1029.2,92.9,39.9,15.7,1.3,1,,2021-12-15T08:13:33,2021-12-15T15:53:52,0.38,Overcast,Cloudy skies throughout the day.,cloudy,"03414099999,03529099999,E8801,03520099999,03330099999,03535099999,03544099999,F2638,AU757"
Wolverhampton,2021-12-16,10.5,8.3,9.7,10.5,8.3,9.5,6.6,81.1,0.02,100,4.17,rain,0,0,12,7.3,258.6,1037.7,96.5,37.3,8.7,0.8,0,,2021-12-16T08:14:22,2021-12-16T15:54:02,0.41,"Rain, Overcast",Cloudy skies throughout the day with morning rain.,rain,"03414099999,03529099999,E8801,03520099999,03330099999,03535099999,03544099999"
Wolverhampton,2021-12-17,8.3,4.9,6.9,8.3,2.3,5.8,5,87.7,0.072,100,4.17,rain,0,0,17.8,11.5,56.8,1041.4,95.5,12.5,9.9,0.8,1,,2021-12-17T08:15:07,2021-12-17T15:54:16,0.44,"Rain, Overcast",Cloudy skies throughout the day with late afternoon rain.,rain,"03414099999,03529099999,E8801,03520099999,03330099999,03535099999,03544099999,F2638,AU757"
Wolverhampton,2021-12-18,6.6,4.7,6,5.1,3.4,4.3,5.4,96.4,0.17,100,20.83,rain,0,0,21.2,14.5,85,1040,96.2,8.2,7.6,0.6,0,,2021-12-18T08:15:50,2021-12-18T15:54:34,0.48,"Rain, Overcast",Cloudy skies throughout the day with a chance of rain throughout the day.,rain,"03414099999,03529099999,E8801,03520099999,03330099999,03535099999,03544099999"
Wolverhampton,2021-12-19,4.5,2.1,3.3,4.5,-0.4,2.1,3,98.1,0.323,100,37.5,rain,0,0,16.6,11.1,42.1,1035.5,91.8,4.3,13.3,1.1,1,,2021-12-19T08:16:29,2021-12-19T15:54:55,0.5,"Rain, Overcast",Cloudy skies throughout the day with rain.,rain,"03414099999,03529099999,E8801,03520099999,03330099999,03535099999,03544099999,F2638"
Wolverhampton,2021-12-20,5.4,3.8,4.6,4.6,1.5,2.9,3,90.1,0.131,100,12.5,rain,0,0,18.2,12.2,84.4,1029.8,99.6,16.9,6.4,0.5,0,,2021-12-20T08:17:05,2021-12-20T15:55:19,0.54,"Rain, Overcast",Cloudy skies throughout the day with rain clearing later.,rain,"03414099999,03529099999,E8801,03520099999,03330099999,03535099999,03544099999"
Wolverhampton,2021-12-21,4.6,2.1,3.6,2.5,-0.2,1.5,0.2,78.1,0,0,0,,0,0,17.4,13,138.8,1025.3,96.5,26.4,15.1,1.2,1,,2021-12-21T08:17:38,2021-12-21T15:55:47,0.58,Overcast,Cloudy skies throughout the day.,cloudy,"03414099999,03529099999,E8801,03520099999,03330099999,03535099999,03544099999"
Wolverhampton,2021-12-22,4,-0.5,1.9,1.1,-3.6,-1,0.3,89.4,2.5,100,29.17,rain,0,0,20.8,14.2,142.7,1017.7,71,10.5,9.8,0.7,0,,2021-12-22T08:18:07,2021-12-22T15:56:19,0.61,"Rain, Partially cloudy",Partly cloudy throughout the day with rain.,rain,"03414099999,03529099999,E8801,03520099999,03330099999,03535099999,03544099999,F2638"
Wolverhampton,2021-12-23,10.2,4.3,7,10.2,1.6,5.3,6.4,95.9,1.074,100,41.67,rain,0,0,19.3,12.9,188,1006.2,79.3,9,6,0.6,0,,2021-12-23T08:18:33,2021-12-23T15:56:54,0.65,"Rain, Partially cloudy",Partly cloudy throughout the day with rain.,rain,"03414099999,03529099999,E8801,03520099999,03330099999,03535099999,03544099999,F2638"
Wolverhampton,2021-12-24,7.4,4.5,6.4,5.8,3.3,4.6,6.1,98.3,6.656,100,54.17,rain,0,0,25.4,18.5,103.1,1003.3,84.1,6.7,13.9,1.2,1,,2021-12-24T08:18:55,2021-12-24T15:57:32,0.68,"Rain, Partially cloudy",Partly cloudy throughout the day with a chance of rain throughout the day.,rain,"03414099999,03529099999,E8801,03520099999,03330099999,03535099999,03544099999"
Wolverhampton,2021-12-25,6.5,3.9,5,3.3,-0.8,0.8,4.3,95.3,9.282,100,91.67,rain,0,0,41.2,26.8,96.2,1003.3,99.9,10.9,3.8,0.1,0,,2021-12-25T08:19:13,2021-12-25T15:58:14,0.72,"Rain, Overcast",Cloudy skies throughout the day with a chance of rain throughout the day.,rain,"03414099999,03529099999,E8801,03520099999,03330099999,03535099999,03544099999"
Wolverhampton,2021-12-26,6.7,4.1,5.4,6.6,-0.3,3.3,5.1,97.9,5.014,100,54.17,rain,0,0,31.8,21.8,107,999.9,98.4,4.3,7.3,0.6,0,,2021-12-26T08:19:29,2021-12-26T15:58:59,0.75,"Rain, Overcast",Cloudy skies throughout the day with a chance of rain throughout the day.,rain,"03414099999,03529099999,E8801,03520099999,03330099999,03535099999,03544099999"
Wolverhampton,2021-12-27,9.2,5.2,7.3,8.2,3.5,5.3,7.1,98.6,2.301,100,75,rain,0,0,26,17.8,115.9,990.6,97.6,5.2,7.2,0.6,0,,2021-12-27T08:19:40,2021-12-27T15:59:47,0.75,"Rain, Overcast",Cloudy skies throughout the day with a chance of rain throughout the day.,rain,"03414099999,03529099999,E8801,03520099999,03330099999,03535099999,03544099999"
Wolverhampton,2021-12-28,9.5,6.7,8.5,8.9,4.3,6.5,7.2,91.9,3.74,100,58.33,rain,0,0,44.6,26.2,263.5,991.5,95.5,33,8.5,0.7,0,,2021-12-28T08:19:48,2021-12-28T16:00:39,0.82,"Rain, Overcast",Cloudy skies throughout the day with a chance of rain throughout the day.,rain,"03414099999,03529099999,E8801,03520099999,03330099999,03535099999,03544099999"
Wolverhampton,2021-12-29,13.9,5.4,9.6,13.9,4.3,8.8,7.7,88.6,1.429,100,25,rain,0,0,46,25.8,210.9,1001.4,76,24.4,15.4,1.3,1,,2021-12-29T08:19:53,2021-12-29T16:01:33,0.85,"Rain, Partially cloudy",Partly cloudy throughout the day with rain clearing later.,rain,"03414099999,03529099999,E8801,03520099999,03330099999,03535099999,03544099999,F2638"
Wolverhampton,2021-12-30,13.8,12.9,13.4,13.8,12.9,13.4,11.8,90.3,0.977,100,58.33,rain,0,0,41.9,27.2,210.6,1008.4,97.2,41.9,12.6,1,1,,2021-12-30T08:19:54,2021-12-30T16:02:31,0.89,"Rain, Overcast",Cloudy skies throughout the day with a chance of rain throughout the day.,rain,"03414099999,03529099999,E8801,03520099999,03330099999,03535099999,03544099999"
Wolverhampton,2021-12-31,14.3,11.6,13,14.3,11.6,13,10.7,86.1,1.023,100,20.83,rain,0,0,42.1,26.9,212.1,1013,88,27.3,22.2,2,2,,2021-12-31T08:19:51,2021-12-31T16:03:32,0.92,"Rain, Partially cloudy",Partly cloudy throughout the day with rain clearing later.,rain,"03414099999,03529099999,E8801,03520099999,03330099999,03535099999,03544099999"
Wolverhampton,2022-01-01,13.9,11.4,12.5,13.9,11.4,12.5,10.1,85.4,0.574,100,16.67,rain,0,0,36.6,23,190.5,1013.3,66.6,18,16.7,1.3,1,,2022-01-01T08:19:45,2022-01-01T16:04:36,0.96,"Rain, Partially cloudy",Partly cloudy throughout the day with rain in the morning and afternoon.,rain,"03414099999,03529099999,E8801,03520099999,03330099999,03535099999,03544099999"
Wolverhampton,2022-01-02,11.3,8.4,9.6,11.3,5.7,8.1,7.5,87,4.798,100,29.17,rain,0,0,33.4,22.8,213.6,1007.2,65.1,32,19.4,1.7,1,,2022-01-02T08:19:36,2022-01-02T16:05:43,0,"Rain, Partially cloudy",Partly cloudy throughout the day with a chance of rain throughout the day.,rain,"03414099999,03529099999,E8801,03330099999,03535099999,03544099999"
Wolverhampton,2022-01-03,9,6.7,7.9,6.4,4,5.2,5.2,83.2,0.641,100,12.5,rain,0,0,37.8,23,218.6,1004.6,49.4,23.9,26.5,2.3,2,,2022-01-03T08:19:23,2022-01-03T16:06:52,0.02,"Rain, Partially cloudy",Partly cloudy throughout the day with rain.,rain,"03414099999,03529099999,E8801,03330099999,03535099999,03544099999"
Wolverhampton,2022-01-04,6.8,1,3.3,5,-3.7,-0.2,0.9,84.4,1.035,100,25,"rain,snow",0,0,30.2,19.8,306,1002.4,55.9,33.4,34.1,3,2,,2022-01-04T08:19:06,2022-01-04T16:08:04,0.06,"Snow, Rain, Partially cloudy",Clearing in the afternoon with rain or snow clearing later.,rain,"03414099999,03529099999,E8801,03330099999,03535099999,03544099999"
Wolverhampton,2022-01-05,5.5,-2.3,2,2.3,-3.4,-1.1,-0.5,83.9,0.24,100,16.67,rain,0,0,32.4,19.9,288.3,1014.1,25.6,28.8,24.9,2.1,2,,2022-01-05T08:18:46,2022-01-05T16:09:19,0.09,"Rain, Partially cloudy",Partly cloudy throughout the day with a chance of rain throughout the day.,rain,"03414099999,03529099999,E8801,03330099999,03535099999,03544099999,F2638"
Wolverhampton,2022-01-06,6,-2.5,1.8,2.6,-4.5,-1.4,0.2,89.3,1.516,100,37.5,"rain,snow",0,0,38,24.1,189.3,1013.4,67.1,23.4,9,0.9,0,,2022-01-06T08:18:22,2022-01-06T16:10:37,0.12,"Snow, Rain, Partially cloudy",Partly cloudy throughout the day with rain or snow.,rain,"03414099999,03529099999,E8801,D6997,03330099999,03535099999,03544099999"
Wolverhampton,2022-01-07,4.4,0.8,2.9,1.5,-2.3,-0.6,-0.1,81,0.1,100,8.33,rain,0,0,30.8,20,241.2,1008.5,46.2,43.1,18.2,1.7,1,,2022-01-07T08:17:56,2022-01-07T16:11:57,0.16,"Rain, Partially cloudy",Becoming cloudy in the afternoon with afternoon rain.,rain,"03414099999,03529099999,E8801,03520099999,03330099999,03535099999,03544099999"
Wolverhampton,2022-01-08,8.5,2.1,5.5,5.9,-0.1,2.3,3.8,88.9,3.684,100,62.5,rain,0,0,38.7,24.1,225.3,999,77.7,25.3,9.4,0.9,1,,2022-01-08T08:17:25,2022-01-08T16:13:19,0.19,"Rain, Partially cloudy",Partly cloudy throughout the day with a chance of rain throughout the day.,rain,"03414099999,03529099999,E8801,03330099999,03535099999,03544099999"
Wolverhampton,2022-01-09,7.2,1.7,3.7,4.6,-1.7,1,1.3,84.7,0.043,100,4.17,rain,0,0,27.8,19.4,238.8,1001.6,28.7,27.8,30.4,2.6,2,,2022-01-09T08:16:52,2022-01-09T16:14:43,0.25,"Rain, Partially cloudy",Partly cloudy throughout the day with early morning rain.,rain,"03414099999,03529099999,E8801,03330099999,03535099999,03544099999,F2638"
Wolverhampton,2022-01-10,8.7,2.9,6,6.7,1.2,4.3,5,93.2,0.233,100,16.67,rain,0,0,18.7,13.5,168.4,1016.5,98.9,15.3,11.7,0.9,1,,2022-01-10T08:16:15,2022-01-10T16:16:10,0.25,"Rain, Overcast",Cloudy skies throughout the day with rain.,rain,"03414099999,03529099999,E8801,D6997,03330099999,03535099999,03544099999,F2638"
Wolverhampton,2022-01-11,9,0.4,6.8,7.7,0.4,5.8,6,94.7,1.693,100,50,rain,0,0,20.4,12.5,290.6,1029.8,69.8,10.2,38.3,3.2,1,,2022-01-11T08:15:35,2022-01-11T16:17:39,0.29,"Rain, Partially cloudy",Partly cloudy throughout the day with a chance of rain throughout the day.,rain,"03414099999,03529099999,E8801,D6997,F4718,03330099999,03535099999,03544099999"
Wolverhampton,2022-01-12,8.3,-1.2,2.2,7.2,-2.3,1.5,1.2,93.4,0.582,100,8.33,"rain,snow",0,0,12.4,8,242.3,1040.7,18.9,11.9,71.6,6.2,2,,2022-01-12T08:14:51,2022-01-12T16:19:10,0.32,"Snow, Rain",Clear conditions throughout the day with rain or snow.,rain,"03414099999,03529099999,E8801,F4718,03330099999,03535099999,03544099999,F2638"
Wolverhampton,2022-01-13,7.4,-0.9,1.5,6.8,-2.4,1.3,0.7,94.6,0.143,100,8.33,rain,0,0,9.9,6.2,229.8,1040.7,16.8,8,56.6,4.7,2,,2022-01-13T08:14:05,2022-01-13T16:20:43,0.35,Rain,Clear conditions throughout the day with rain in the morning and afternoon.,rain,"03414099999,03529099999,E8801,D6997,F4718,03330099999,03535099999,03544099999"
Wolverhampton,2022-01-14,4.5,-2.4,0,4.5,-2.4,0,-0.6,95.6,0.561,100,12.5,rain,0,0,6.6,4.7,36.4,1036.2,36.3,4.5,55.6,4.5,2,,2022-01-14T08:13:15,2022-01-14T16:22:17,0.39,"Rain, Partially cloudy",Partly cloudy throughout the day with afternoon rain.,rain,"03414099999,03529099999,E8801,F4718,03330099999,03535099999,03544099999,F2638"
Wolverhampton,2022-01-15,4.3,-2.6,0.7,3.1,-2.6,0,0,95.2,0,0,0,,0,0,13.8,7.7,181.2,1025.6,82.1,4.9,22.8,2,1,,2022-01-15T08:12:23,2022-01-15T16:23:54,0.42,Partially cloudy,Partly cloudy throughout the day.,partly-cloudy-day,"03414099999,03529099999,E8801,03330099999,03535099999,03544099999,F2638"
Wolverhampton,2022-01-16,7.8,1.9,4.4,5.6,0.3,2.4,2.9,90.2,0.385,100,20.83,rain,0,0,21.6,13,277.3,1026.9,79.9,14.6,24.7,2.1,2,,2022-01-16T08:11:27,2022-01-16T16:25:32,0.45,"Rain, Partially cloudy",Partly cloudy throughout the day with a chance of rain throughout the day.,rain,"03414099999,03529099999,E8801,D6997,03330099999,03535099999,03544099999"
Wolverhampton,2022-01-17,8.2,-0.9,3.3,7.8,-0.9,1.8,1.6,89.3,0.079,100,4.17,rain,0,0,17.4,10.7,281.7,1037.9,22.2,17,35.6,3,2,,2022-01-17T08:10:28,2022-01-17T16:27:12,0.5,"Rain, Partially cloudy",Partly cloudy throughout the day with morning rain.,rain,"03414099999,03529099999,E8801,D6997,03330099999,03535099999,03544099999"
Wolverhampton,2022-01-18,6,-1.5,1.6,4,-3,0.4,0.6,92.9,0.56,100,8.33,"rain,snow",0,0,19.7,12.6,183.9,1036.2,54.3,8.6,38.9,3.4,2,,2022-01-18T08:09:27,2022-01-18T16:28:53,0.52,"Snow, Rain, Partially cloudy",Partly cloudy throughout the day with rain or snow in the morning and afternoon.,rain,"03414099999,03529099999,E8801,D6997,03330099999,03535099999,03544099999"
Wolverhampton,2022-01-19,8.5,2.3,5,5.2,-0.4,2.1,3.1,87.6,0.347,100,25,rain,0,0,40.8,25.7,278.6,1027.8,54.1,19.3,73,6.3,2,,2022-01-19T08:08:23,2022-01-19T16:30:35,0.55,"Rain, Partially cloudy",Partly cloudy throughout the day with rain in the morning and afternoon.,rain,"03414099999,03529099999,E8801,F4718,03330099999,03535099999,03544099999"
Wolverhampton,2022-01-20,4.2,-2.1,0.8,0.8,-4,-1,-1.9,83.2,0.079,100,4.17,rain,0,0,25.7,16.1,328.3,1037.5,18.1,24.7,99.5,8.4,3,,2022-01-20T08:07:15,2022-01-20T16:32:19,0.59,Rain,Clear conditions throughout the day with afternoon rain.,rain,"03414099999,03529099999,E8801,F4718,D6997,03330099999,03535099999,03544099999"
Wolverhampton,2022-01-21,5.3,-3,1.9,2.3,-4.1,-0.4,-0.2,86.2,0,0,0,,0,0,27.8,15.7,276.9,1039.3,81.8,31.4,15.1,1.1,1,,2022-01-21T08:06:06,2022-01-21T16:34:04,0.62,Partially cloudy,Partly cloudy throughout the day.,partly-cloudy-day,"03414099999,03529099999,E8801,03330099999,03535099999,03544099999,F2638"
Wolverhampton,2022-01-22,6.7,3.6,5.2,4.4,0.8,2.7,2.4,82.6,0,0,0,,0,0,26.5,13.8,289.3,1037.5,99.1,39,20.8,1.8,1,,2022-01-22T08:04:53,2022-01-22T16:35:50,0.66,Overcast,Cloudy skies throughout the day.,cloudy,"03414099999,03529099999,E8801,D6997,03330099999,03535099999,03544099999"
Wolverhampton,2022-01-23,5.4,2.3,3.9,5,0.2,2.2,1.6,84.8,0,0,0,,0,0,16.3,10.5,208.2,1035.1,100,26.9,8.5,0.7,0,,2022-01-23T08:03:38,2022-01-23T16:37:37,0.69,Overcast,Cloudy skies throughout the day.,cloudy,"03414099999,03529099999,E8801,03330099999,03535099999,03544099999"
Wolverhampton,2022-01-24,3.1,2,2.4,3.1,-0.4,1.6,0,84.4,0,0,0,,0,0,13.9,9,154.2,1033.8,100,8.7,13.6,1.1,1,,2022-01-24T08:02:20,2022-01-24T16:39:26,0.73,Overcast,Cloudy skies throughout the day.,cloudy,"03414099999,03529099999,E8801,03330099999,03535099999,03544099999"
Wolverhampton,2022-01-25,3.4,1,2.1,2.1,-0.6,0.5,0.3,87.9,0,0,0,,0,0,13.4,8.3,253.6,1034.3,99.8,6.2,12.5,1,1,,2022-01-25T08:01:00,2022-01-25T16:41:15,0.75,Overcast,Cloudy skies throughout the day.,cloudy,"03414099999,03529099999,E8801,03330099999,03535099999,03544099999"
Wolverhampton,2022-01-26,8.4,1.7,4.9,5.6,-0.8,2.4,2.3,83.5,0.042,100,4.17,rain,0,0,34.7,22.2,235.4,1031.3,60.3,13.6,47.7,4.3,3,,2022-01-26T07:59:38,2022-01-26T16:43:05,0.8,"Rain, Partially cloudy",Partly cloudy throughout the day with afternoon rain.,rain,"03414099999,03529099999,E8801,03330099999,03535099999,03544099999"
Wolverhampton,2022-01-27,11.3,2.7,8,11.3,0.1,5.8,4.9,81.5,0.321,100,33.33,rain,0,0,39.8,22.7,274.8,1027.9,62.8,41.5,48.4,4,3,,2022-01-27T07:58:13,2022-01-27T16:44:55,0.83,"Rain, Partially cloudy",Partly cloudy throughout the day with a chance of rain throughout the day.,rain,"03414099999,03529099999,E8801,03520099999,03330099999,03535099999,03544099999,F2638"
Wolverhampton,2022-01-28,9.5,0.9,5.5,7.6,-0.8,3.3,4,90.6,0.075,100,8.33,rain,0,0,27.7,17.3,231.7,1032.7,71.3,25.1,35.2,3,2,,2022-01-28T07:56:45,2022-01-28T16:46:47,0.87,"Rain, Partially cloudy",Partly cloudy throughout the day with rain in the morning and afternoon.,rain,"03414099999,03529099999,E8801,03330099999,03535099999,03544099999"
Wolverhampton,2022-01-29,11.9,6.1,9.8,11.9,3.3,8.8,5.5,74.9,0.042,100,8.33,rain,0,0,59.3,35.8,271.6,1027.2,76.5,42.9,48.3,4.1,3,,2022-01-29T07:55:16,2022-01-29T16:48:38,0.9,"Rain, Partially cloudy",Partly cloudy throughout the day with afternoon rain.,rain,"03414099999,03529099999,E8801,03330099999,03535099999,03544099999"
Wolverhampton,2022-01-30,7.7,-0.2,5,5.2,-2,2.5,1.9,81.1,1.152,100,20.83,rain,0,0,57.9,33.4,246.5,1028.7,58.7,23.5,48,4.2,3,,2022-01-30T07:53:44,2022-01-30T16:50:31,0.94,"Rain, Partially cloudy",Partly cloudy throughout the day with late afternoon rain.,rain,"03414099999,03529099999,E8801,03330099999,03535099999,03544099999"
Wolverhampton,2022-01-31,7.2,4.6,5.9,3.8,-0.5,2.1,1.6,74.3,0.89,100,41.67,rain,0,0,55.6,32.4,302.9,1024.1,87.5,30.5,35.8,3.3,3,,2022-01-31T07:52:10,2022-01-31T16:52:24,0.97,"Rain, Partially cloudy",Partly cloudy throughout the day with a chance of rain throughout the day.,rain,"03414099999,03529099999,E8801,D6997,03330099999,03535099999,03544099999"
Wolverhampton,2022-02-01,13.4,6.8,10.1,13.4,4.1,8.9,6.4,78.4,0.792,100,37.5,rain,0,0,49.8,29.5,274.7,1021.2,84.4,46.2,52,4.5,3,,2022-02-01T07:50:34,2022-02-01T16:54:17,0,"Rain, Partially cloudy",Partly cloudy throughout the day with rain.,rain,"03414099999,03529099999,E8801,03330099999,03535099999,03544099999,AU757"
Wolverhampton,2022-02-02,10.8,8.4,9.5,10.8,6.6,7.9,7,85,0.822,100,41.67,rain,0,0,27.9,17.7,252.1,1021.5,91.7,42.3,32,2.8,2,,2022-02-02T07:48:56,2022-02-02T16:56:11,0.04,"Rain, Overcast",Cloudy skies throughout the day with rain clearing later.,rain,"03414099999,03529099999,E8801,D6997,03330099999,03535099999,03544099999"
Wolverhampton,2022-02-03,11.1,6.7,8.5,11.1,4.1,6.4,6,84.3,0.042,100,4.17,rain,0,0,41.7,24.6,220.7,1012.3,91.2,41,48.1,4,3,,2022-02-03T07:47:16,2022-02-03T16:58:05,0.07,"Rain, Overcast",Cloudy skies throughout the day with morning rain.,rain,"03414099999,03529099999,E8801,03330099999,03535099999,03544099999,AU757"
Wolverhampton,2022-02-04,8.9,2.2,5.1,5.6,-1.2,1.5,2.2,81.7,5.767,100,58.33,rain,0,0,48.7,29.4,262.9,1010.2,59.2,39.4,52.1,4.5,3,,2022-02-04T07:45:35,2022-02-04T16:59:59,0.11,"Rain, Partially cloudy",Partly cloudy throughout the day with a chance of rain throughout the day.,rain,"03414099999,03529099999,E8801,03330099999,03535099999,03544099999"
Wolverhampton,2022-02-05,9,1.6,5.9,5.7,-1.5,2.3,3.2,83.3,1.889,100,45.83,rain,0,0,48.9,28,225.6,1015.2,62.8,28.7,26.8,2.2,1,,2022-02-05T07:43:51,2022-02-05T17:01:54,0.14,"Rain, Partially cloudy",Partly cloudy throughout the day with rain.,rain,"03414099999,03529099999,E8801,03330099999,03535099999,03544099999"
Wolverhampton,2022-02-06,9,3.6,7.2,5.6,-0.4,3.4,4.2,81.6,9.143,100,83.33,rain,0,0,59.3,36.2,266.3,1006,77.6,29.7,31.5,2.8,1,,2022-02-06T07:42:05,2022-02-06T17:03:49,0.17,"Rain, Partially cloudy",Partly cloudy throughout the day with a chance of rain throughout the day.,rain,"03414099999,03529099999,E8801,03520099999,03330099999,03535099999,03544099999"
Wolverhampton,2022-02-07,10,1,6.1,7.8,-1,3.6,3.9,86.1,0.494,100,25,rain,0,0,36.5,22.6,233.9,1023.6,70.2,30.1,31.5,2.6,1,,2022-02-07T07:40:18,2022-02-07T17:05:44,0.2,"Rain, Partially cloudy",Partly cloudy throughout the day with rain.,rain,"03414099999,03529099999,E8801,03330099999,03535099999,03544099999"
Wolverhampton,2022-02-08,12.3,8.9,10.3,12.3,6.1,8.9,7.2,81.2,0,0,0,,0,0,39.2,22.6,229.9,1023.6,71.5,42.7,43.7,3.7,3,,2022-02-08T07:38:29,2022-02-08T17:07:39,0.25,Partially cloudy,Partly cloudy throughout the day.,partly-cloudy-day,"03414099999,03529099999,E8801,03520099999,03330099999,03535099999,03544099999"
Wolverhampton,2022-02-09,10,5.5,8.2,8,4,6.1,5.3,81.8,0.32,100,20.83,rain,0,0,31.3,20.5,241.9,1022.1,95.1,48.4,29.4,2.5,1,,2022-02-09T07:36:38,2022-02-09T17:09:33,0.27,"Rain, Overcast",Cloudy skies throughout the day with a chance of rain throughout the day.,rain,"03414099999,03529099999,E8801,03330099999,03535099999,03544099999"
Wolverhampton,2022-02-10,6.6,2.5,4.7,3.9,-0.7,1.7,0.5,74.9,0.161,100,12.5,rain,0,0,38.1,23.6,261.4,1022.6,58.7,39.5,65.5,5.7,4,,2022-02-10T07:34:46,2022-02-10T17:11:28,0.3,"Rain, Partially cloudy",Partly cloudy throughout the day with rain.,rain,"03414099999,03529099999,E8801,03330099999,03535099999,03544099999"
Wolverhampton,2022-02-11,7.2,1.8,3.9,5.2,-1.1,1.4,0.3,78.2,0.065,100,8.33,rain,0,0,21.5,14.3,218.6,1030.4,43.2,32.5,59.7,5.1,3,,2022-02-11T07:32:52,2022-02-11T17:13:23,0.33,"Rain, Partially cloudy",Clearing in the afternoon with rain in the morning and afternoon.,rain,"03414099999,03529099999,E8801,03330099999,03535099999,03544099999"
Wolverhampton,2022-02-12,7.7,2.7,6,4.5,-1.1,2.1,2.8,80.2,0.443,100,29.17,rain,0,0,54.6,32.2,189.7,1017.3,87.4,34.2,32.5,2.6,2,,2022-02-12T07:30:57,2022-02-12T17:15:18,0.36,"Rain, Partially cloudy",Partly cloudy throughout the day with rain.,rain,"03414099999,03529099999,E8801,F4718,03330099999,03535099999,03544099999"
Wolverhampton,2022-02-13,9.6,7.3,8.4,7.2,3.5,5.2,7.3,92.8,9.73,100,87.5,rain,0,0,51.8,31.6,186,996.8,96.4,22,19.9,1.2,1,,2022-02-13T07:29:01,2022-02-13T17:17:13,0.4,"Rain, Overcast",Cloudy skies throughout the day with a chance of rain throughout the day.,rain,"03414099999,03529099999,E8801,F4718,03330099999,03535099999,03544099999,AU757"
Wolverhampton,2022-02-14,7.1,3.6,5.9,5.1,0.1,2.7,3.7,85.9,3.232,100,66.67,rain,0,0,37.1,22.1,265.7,998,80.2,44.9,44.5,3.4,2,,2022-02-14T07:27:02,2022-02-14T17:19:08,0.43,"Rain, Partially cloudy",Partly cloudy throughout the day with a chance of rain throughout the day.,rain,"03414099999,03529099999,E8801,F4718,03330099999,03535099999,03544099999,AU757"
Wolverhampton,2022-02-15,8.4,2.3,6,5.9,-1.1,3.1,4.2,88.3,7.109,100,45.83,rain,0,0,40.1,24.3,210.8,1003.5,74.4,27,29.4,2.6,2,,2022-02-15T07:25:03,2022-02-15T17:21:02,0.46,"Rain, Partially cloudy",Partly cloudy throughout the day with a chance of rain throughout the day.,rain,"03414099999,03529099999,E8801,03330099999,03535099999,03544099999,AU757"
Wolverhampton,2022-02-16,14.3,7.7,11.7,14.3,4.3,11,8.1,79.1,2.59,100,33.33,rain,0,0,71.4,39,242.6,992.4,77.4,34.4,41.5,3.6,2,,2022-02-16T07:23:02,2022-02-16T17:22:57,0.5,"Rain, Partially cloudy",Partly cloudy throughout the day with a chance of rain throughout the day.,rain,"03414099999,03529099999,E8801,03330099999,03535099999,03544099999"
Wolverhampton,2022-02-17,9.7,5.6,7.4,6.9,1.1,4.1,2.1,69.3,0.938,100,37.5,rain,0,0,60.6,34.7,258.3,1005.8,63.4,34.7,133.2,11.9,3,,2022-02-17T07:21:00,2022-02-17T17:24:51,0.53,"Rain, Partially cloudy",Partly cloudy throughout the day with a chance of rain throughout the day.,rain,"03414099999,03529099999,E8801,F4718,03330099999,03535099999,03544099999"
Wolverhampton,2022-02-18,10.1,3,6,10.1,-2.4,1.6,2.5,78.9,11.021,100,75,rain,0,0,83.6,48.5,236.9,993.1,71.9,24.9,134.6,12.1,1,,2022-02-18T07:18:57,2022-02-18T17:26:45,0.56,"Rain, Partially cloudy",Partly cloudy throughout the day with a chance of rain throughout the day.,rain,"03414099999,03529099999,E8801,F4718,03330099999,03535099999,03544099999"
Wolverhampton,2022-02-19,8.6,2.1,4,4.6,-2.1,0.1,1,81.1,7.506,100,37.5,rain,0,0,57.9,36.7,234.3,1007.2,49.8,36.8,32.2,3,2,,2022-02-19T07:16:53,2022-02-19T17:28:38,0.6,"Rain, Partially cloudy",Partly cloudy throughout the day with a chance of rain throughout the day.,rain,"03414099999,03529099999,E8801,F4718,03330099999,03535099999,03544099999,F2638"
Wolverhampton,2022-02-20,11.9,4.1,8.9,11.9,-1.5,6.6,6.2,83.1,9.749,100,83.33,rain,0,0,64.4,40.1,243.2,999.2,86.9,22.8,15,1.4,1,,2022-02-20T07:14:47,2022-02-20T17:30:32,0.64,"Rain, Partially cloudy",Partly cloudy throughout the day with a chance of rain throughout the day.,rain,"03414099999,03529099999,E8801,03330099999,03535099999,03544099999"
Wolverhampton,2022-02-21,9.8,3,6.8,6,-2.7,2.7,2,71.9,1.362,100,41.67,rain,0,0,70.8,42.6,280.6,1008.7,71,21.8,48.9,4.3,4,,2022-02-21T07:12:41,2022-02-21T17:32:25,0.67,"Rain, Partially cloudy",Partly cloudy throughout the day with a chance of rain throughout the day.,rain,"03414099999,03529099999,E8801,03330099999,03535099999,03544099999"
Wolverhampton,2022-02-22,11.4,4.4,8,11.4,2.2,6.2,4.1,77,0.604,100,20.83,rain,0,0,51.3,31,245.5,1016.7,64.5,27.2,71.6,6.3,3,,2022-02-22T07:10:33,2022-02-22T17:34:18,0.71,"Rain, Partially cloudy",Partly cloudy throughout the day with a chance of rain throughout the day.,rain,"03414099999,03529099999,E8801,F4718,03330099999,03535099999,03544099999"
Wolverhampton,2022-02-23,9.6,4.2,7.2,6.3,1.5,3.9,3.9,79.8,0.161,100,20.83,rain,0,0,48.2,29.2,209,1017.4,77,37,89.1,8,4,,2022-02-23T07:08:24,2022-02-23T17:36:11,0.75,"Rain, Partially cloudy",Partly cloudy throughout the day with rain.,rain,"03414099999,03529099999,E8801,F4718,D6997,03330099999,03535099999,03544099999"
Wolverhampton,2022-02-24,7.3,2.9,4.6,4,-1.1,0.8,0.8,77.4,4.647,100,58.33,rain,0,0,52.4,30.6,253.3,1009.1,62.4,41.1,105.7,9.3,3,,2022-02-24T07:06:15,2022-02-24T17:38:03,0.78,"Rain, Partially cloudy",Partly cloudy throughout the day with a chance of rain throughout the day.,rain,"03414099999,03529099999,E8801,F4718,03330099999,03535099999,03544099999"
Wolverhampton,2022-02-25,9.4,3,5.7,7.6,-0.4,3,0.8,71.3,0.086,100,4.17,rain,0,0,43.5,23.6,264.2,1024.8,36.6,31.1,90.6,7.8,4,,2022-02-25T07:04:04,2022-02-25T17:39:56,0.81,"Rain, Partially cloudy",Becoming cloudy in the afternoon with early morning rain.,rain,"03414099999,03529099999,E8801,D6997,03330099999,03535099999,03544099999"
Wolverhampton,2022-02-26,10,0.7,5,7,-2.1,1.9,1,76.5,0.079,100,4.17,rain,0,0,41.6,26.5,166.7,1027.4,10.7,27.1,91.3,7.9,5,,2022-02-26T07:01:53,2022-02-26T17:41:47,0.85,Rain,Clear conditions throughout the day with morning rain.,rain,"03414099999,03529099999,E8801,03330099999,03535099999,03544099999"
Wolverhampton,2022-02-27,10.5,1.7,5.5,10.5,-2.6,2.3,0.3,70.4,0,0,0,,0,0,33.9,20.9,147.8,1022.3,8,33.1,115.7,10.1,5,,2022-02-27T06:59:41,2022-02-27T17:43:39,0.88,Clear,Clear conditions throughout the day.,clear-day,"03414099999,03529099999,E8801,03330099999,03535099999,03544099999,AU757"
Wolverhampton,2022-02-28,10.7,4.9,7.8,10.7,1.8,5.9,6,88.3,7.592,100,58.33,rain,0,0,34.8,22.2,180.6,1021.6,93.3,17.2,30,2.6,1,,2022-02-28T06:57:28,2022-02-28T17:45:30,0.92,"Rain, Overcast",Cloudy skies throughout the day with rain.,rain,"03414099999,03529099999,E8801,D6997,03330099999,03535099999,03544099999"
Wolverhampton,2022-03-01,7.9,3.1,5.8,5,0,2.8,3.7,86.3,0.839,100,16.67,rain,0,0,32.9,20.2,45.5,1027.4,79.9,19.7,81.8,7.1,4,,2022-03-01T06:55:14,2022-03-01T17:47:21,0.96,"Rain, Partially cloudy",Partly cloudy throughout the day with a chance of rain throughout the day.,rain,"03414099999,03529099999,E8801,03330099999,03535099999,03544099999"
Wolverhampton,2022-03-02,7,5.4,6.1,3.7,1.8,2.8,5.3,94.2,3.179,100,70.83,rain,0,0,32.3,20,111.9,1020,99.6,5.7,16.1,1.4,1,,2022-03-02T06:53:00,2022-03-02T17:49:12,0,"Rain, Overcast",Cloudy skies throughout the day with a chance of rain throughout the day.,rain,"03414099999,03529099999,E8801,03330099999,03535099999,03544099999"
Wolverhampton,2022-03-03,9.7,5.7,7.4,8,2.5,5.4,5.8,89.7,4.237,100,50,rain,0,0,23.9,16.2,110.6,1014.4,98.7,6.6,29.8,2.6,1,,2022-03-03T06:50:45,2022-03-03T17:51:03,0.02,"Rain, Overcast",Cloudy skies throughout the day with a chance of rain throughout the day.,rain,"03414099999,03529099999,E8801,03520099999,03330099999,03535099999,03544099999,AU757"
Wolverhampton,2022-03-04,8.5,3,5.6,5.6,0.4,3,3.2,84.8,2.596,100,50,rain,0,0,27.5,18.7,321.9,1020.1,74.5,31.1,76.5,6.5,4,,2022-03-04T06:48:29,2022-03-04T17:52:53,0.06,"Rain, Partially cloudy",Partly cloudy throughout the day with a chance of rain throughout the day.,rain,"03414099999,03529099999,E8801,03520099999,03330099999,03535099999,03544099999"
Wolverhampton,2022-03-05,7.6,2.5,4.8,3.9,-0.3,1.3,1.1,77.9,0.051,100,8.33,rain,0,0,41.6,25.8,359.5,1026.5,77.2,35.8,72.8,6.2,3,,2022-03-05T06:46:12,2022-03-05T17:54:43,0.09,"Rain, Partially cloudy",Partly cloudy throughout the day with rain.,rain,"03414099999,03529099999,E8801,03520099999,03330099999,03535099999,03544099999"
Wolverhampton,2022-03-06,7.5,1,4.3,4.5,-1.3,1.2,0.4,76.9,0.02,100,4.17,rain,0,0,30.1,18.8,37.6,1030.4,70.8,30.9,76.6,6.6,3,,2022-03-06T06:43:55,2022-03-06T17:56:32,0.12,"Rain, Partially cloudy",Partly cloudy throughout the day with early morning rain.,rain,"03414099999,03529099999,E8801,03520099999,03330099999,03535099999,03544099999"
Wolverhampton,2022-03-07,7.3,0.5,3.9,4.1,-2.6,1,-0.4,74.2,0,0,0,,0,0,42.7,25.4,98.5,1024.6,68.4,33.1,83.1,7.1,4,,2022-03-07T06:41:38,2022-03-07T17:58:22,0.15,Partially cloudy,Partly cloudy throughout the day.,partly-cloudy-day,"03414099999,03529099999,E8801,03520099999,03330099999,03535099999,03544099999"
Wolverhampton,2022-03-08,10.7,-0.1,5.5,10.7,-4.8,2.4,0.3,69.8,0.018,100,4.17,rain,0,0,39.6,25,136,1012.5,49.1,15,85.1,7.4,4,,2022-03-08T06:39:20,2022-03-08T18:00:11,0.19,"Rain, Partially cloudy",Becoming cloudy in the afternoon with late afternoon rain.,rain,"03414099999,03529099999,E8801,03520099999,03330099999,03535099999,03544099999"
Wolverhampton,2022-03-09,11.5,6.5,9,11.5,3.7,7.1,4.9,76.2,0,0,0,,0,0,44.2,28.8,166.3,1012.9,79.8,24.4,72,6.1,3,,2022-03-09T06:37:01,2022-03-09T18:01:59,0.22,Partially cloudy,Partly cloudy throughout the day.,partly-cloudy-day,"03414099999,03529099999,E8801,03520099999,03330099999,03535099999,03544099999"
Wolverhampton,2022-03-10,12.8,8.8,10.4,12.8,6.4,9.4,6.3,75.8,0,0,0,,0,0,45.1,28.1,163.3,1013.2,92.4,34.4,84,7,6,,2022-03-10T06:34:43,2022-03-10T18:03:48,0.25,Overcast,Cloudy skies throughout the day.,cloudy,"03414099999,03529099999,E8801,03520099999,03330099999,03535099999,03544099999"
Wolverhampton,2022-03-11,11.1,8,9.4,11.1,5.3,7.2,7,85.2,5.225,100,70.83,rain,0,0,42,26.3,142.7,1001.6,81.1,19.5,33.8,2.9,1,,2022-03-11T06:32:23,2022-03-11T18:05:36,0.28,"Rain, Partially cloudy",Partly cloudy throughout the day with a chance of rain throughout the day.,rain,"03414099999,03529099999,E8801,03520099999,03330099999,03535099999,03544099999"
Wolverhampton,2022-03-12,11.1,6.2,8.6,11.1,3.2,6.3,4.7,77.2,1.399,100,50,rain,0,0,41.9,25.8,166.3,1004.2,81.4,36,101.7,8.7,5,,2022-03-12T06:30:04,2022-03-12T18:07:24,0.31,"Rain, Partially cloudy",Partly cloudy throughout the day with rain.,rain,"03414099999,03529099999,E8801,03520099999,03330099999,03535099999,03544099999"
Wolverhampton,2022-03-13,11.2,5.1,8.4,11.2,2.9,6.4,5.1,80.5,3.075,100,66.67,rain,0,0,41.7,24.9,165.4,1004.4,78.7,29.8,83.4,7.1,3,,2022-03-13T06:27:43,2022-03-13T18:09:12,0.35,"Rain, Partially cloudy",Partly cloudy throughout the day with a chance of rain throughout the day.,rain,"03414099999,03529099999,E8801,03520099999,03330099999,03535099999,03544099999"
Wolverhampton,2022-03-14,12.3,2.2,6.6,12.3,0.4,5.6,2.3,76.4,0.17,100,20.83,rain,0,0,30.2,20.9,226.2,1021.6,17.5,27.5,158.3,13.7,6,,2022-03-14T06:25:23,2022-03-14T18:11:00,0.38,Rain,Clear conditions throughout the day with rain.,rain,"03414099999,03529099999,E8801,03520099999,03330099999,03535099999,03544099999,F2638"
Wolverhampton,2022-03-15,13.1,-0.2,6.9,13.1,-0.2,6.6,3,78.1,0,0,0,,0,0,22.9,16.4,159.2,1021,43.9,22.9,108.6,9.5,5,,2022-03-15T06:23:02,2022-03-15T18:12:47,0.41,Partially cloudy,Partly cloudy throughout the day.,partly-cloudy-day,"03414099999,03529099999,E8801,03520099999,03330099999,03535099999,03544099999"
Wolverhampton,2022-03-16,9.8,4,7.4,9.8,0.6,5.7,6.1,91.5,12.203,100,50,rain,0,0,35.6,18.8,314,1018.7,91.2,10.1,25.1,2.4,1,,2022-03-16T06:20:42,2022-03-16T18:14:34,0.44,"Rain, Overcast",Cloudy skies throughout the day with rain.,rain,"03414099999,03529099999,E8801,03520099999,03330099999,03535099999,03544099999"
Wolverhampton,2022-03-17,12.2,0.9,6.7,12.2,-1.6,5,3.5,81.3,0.435,100,12.5,rain,0,0,33.1,22.3,235.1,1030.1,26.9,31.7,107,9.1,6,,2022-03-17T06:18:20,2022-03-17T18:16:21,0.47,"Rain, Partially cloudy",Becoming cloudy in the afternoon with a chance of rain throughout the day.,rain,"03414099999,03529099999,E8801,03520099999,03330099999,03535099999,03544099999"
Wolverhampton,2022-03-18,14.8,1.8,8.1,14.8,1.8,7.7,4.5,80.4,0.123,100,12.5,"rain,snow",0,0,24.4,16.8,98.9,1041.7,37.8,16.8,162.7,14,6,,2022-03-18T06:15:59,2022-03-18T18:18:08,0.5,"Snow, Rain, Partially cloudy",Clearing in the afternoon with rain or snow clearing later.,rain,"03414099999,03529099999,E8801,03520099999,03330099999,03535099999,03544099999"
Wolverhampton,2022-03-19,14.5,4.6,8.8,14.5,1.9,7,2.2,66.6,0,0,0,,0,0,44.1,27.3,90.6,1037.7,0,25.6,165.6,14.3,6,,2022-03-19T06:13:38,2022-03-19T18:19:55,0.54,Clear,Clear conditions throughout the day.,clear-day,"03414099999,03529099999,E8801,03520099999,03330099999,03535099999,03544099999"
Wolverhampton,2022-03-20,10.3,1.9,5.6,10.3,-0.5,3.6,0.6,72,0,0,0,,0,0,27.8,19.2,87.6,1028.6,9.9,19.3,146.4,12.7,6,,2022-03-20T06:11:16,2022-03-20T18:21:41,0.58,Clear,Clear conditions throughout the day.,clear-day,"03414099999,03529099999,E8801,03520099999,03330099999,03535099999,03544099999,F2638"
Wolverhampton,2022-03-21,12.2,-1.7,5.8,12.2,-1.8,5.2,1.1,73.8,0.039,100,4.17,rain,0,0,17.9,11.1,118.9,1027.4,52.6,9.8,74.8,6.3,3,,2022-03-21T06:08:55,2022-03-21T18:23:28,0.61,"Rain, Partially cloudy",Partly cloudy throughout the day with afternoon rain.,rain,"03414099999,03529099999,E8801,03520099999,03330099999,03535099999,03544099999,F2638,AU757"
Wolverhampton,2022-03-22,17.9,5.8,11.3,17.9,4.1,10.6,5.1,66.8,0.018,100,4.17,rain,0,0,28.1,18,111.9,1027.8,29.8,14.1,150.2,12.9,5,,2022-03-22T06:06:33,2022-03-22T18:25:14,0.65,"Rain, Partially cloudy",Clearing in the afternoon with morning rain.,rain,"03414099999,03529099999,E8801,03520099999,03330099999,03535099999,03544099999,F2638"
Wolverhampton,2022-03-23,17.6,3.4,10,17.6,1.9,9.7,3.2,66.4,0,0,0,,0,0,20.7,13.3,90.5,1029.6,9.1,13.2,164.5,14,6,,2022-03-23T06:04:11,2022-03-23T18:27:00,0.69,Clear,Clear conditions throughout the day.,clear-day,"03414099999,03529099999,E8801,03520099999,03330099999,03535099999,03544099999,F2638"
Wolverhampton,2022-03-24,17.1,2.6,9.4,17.1,2.6,9.4,2.1,64.6,0,0,0,,0,0,15.6,8.1,17.7,1030,10.5,11.7,152.8,13,6,,2022-03-24T06:01:49,2022-03-24T18:28:46,0.72,Clear,Clear conditions throughout the day.,clear-day,"03414099999,03529099999,E8801,03520099999,03330099999,03535099999,03544099999,F2638"
Wolverhampton,2022-03-25,16.6,1.7,9.2,16.6,1.7,9.1,2.3,65,0,0,0,,0,0,24,13.7,76.8,1032.1,2.4,11.7,160.3,13.8,6,,2022-03-25T05:59:28,2022-03-25T18:30:32,0.75,Clear,Clear conditions throughout the day.,clear-day,"03414099999,03529099999,E8801,03520099999,03330099999,03535099999,03544099999,F2638"
Wolverhampton,2022-03-26,17.4,2,10,17.4,0.3,9.6,3.6,67.3,0,0,0,,0,0,28.7,17.7,59.9,1033.6,7.5,15.2,176.6,15.1,6,,2022-03-26T05:57:06,2022-03-26T18:32:18,0.79,Clear,Clear conditions throughout the day.,clear-day,"03414099999,03529099999,03520099999,03330099999,03535099999,03544099999,AU757"
Wolverhampton,2022-03-27,13.5,2.7,8.7,13.5,0.8,7.8,6.3,86,0.018,100,4.17,rain,0,0,20.1,13.4,71.3,1032.2,63.7,17.8,96.2,7.9,3,,2022-03-27T06:54:44,2022-03-27T19:34:03,0.83,"Rain, Partially cloudy",Partly cloudy throughout the day with afternoon rain.,rain,"03414099999,03529099999,03520099999,03330099999,03535099999,03544099999,AU757"
Wolverhampton,2022-03-28,15.2,4.4,9.2,15.2,4.4,9.2,5.6,80.1,0,0,0,,0,0,13.1,6.7,57,1023,58.6,11.5,157,13.6,6,,2022-03-28T06:52:23,2022-03-28T19:35:49,0.86,Partially cloudy,Partly cloudy throughout the day.,partly-cloudy-day,"03414099999,03529099999,03520099999,03330099999,03535099999,03544099999,F2638,AU757"
Wolverhampton,2022-03-29,9.9,5,7.3,8.2,2.9,5.7,5,85.5,0,0,0,,0,0,18,12.5,57.4,1013.2,77.1,10.2,106.2,9.1,4,,2022-03-29T06:50:01,2022-03-29T19:37:35,0.9,Partially cloudy,Partly cloudy throughout the day.,partly-cloudy-day,"03414099999,03529099999,03520099999,03330099999,03535099999,03544099999,AU757"
Wolverhampton,2022-03-30,7,1.9,4.6,5.6,-2.2,2.6,2.7,87.7,0.945,100,37.5,"rain,snow",0,0,30,20,39.3,1008,91.1,15.7,50.7,4.4,2,,2022-03-30T06:47:40,2022-03-30T19:39:20,0.94,"Snow, Rain, Overcast",Cloudy skies throughout the day with rain or snow.,rain,"03414099999,03529099999,03520099999,03330099999,03535099999,03544099999,F2638,AU757"
Wolverhampton,2022-03-31,5.6,-0.7,2.2,1.4,-5.6,-2.2,-1.3,78.5,1.308,100,45.83,"rain,snow",0,0,43.3,28.2,1.1,1012.8,54.8,40.4,152.3,12.8,7,,2022-03-31T06:45:19,2022-03-31T19:41:06,0.97,"Snow, Rain, Partially cloudy",Partly cloudy throughout the day with a chance of rain or snow throughout the day.,rain,"03414099999,03529099999,03520099999,03330099999,03535099999,03544099999,AU757"
Wolverhampton,2022-04-01,7.4,-0.7,2.9,4.2,-5.1,-0.8,-1.1,76.2,0.349,100,12.5,rain,0,0,34.1,22.6,350.2,1019.8,40.8,40.9,144.8,12.5,5,,2022-04-01T06:42:59,2022-04-01T19:42:51,0,"Rain, Partially cloudy",Partly cloudy throughout the day with rain.,rain,"03414099999,03529099999,03520099999,03330099999,03535099999,03544099999,AU757"
Wolverhampton,2022-04-02,7.5,-1.6,2.7,6,-3,1.6,-1.3,77,0.092,100,4.17,"rain,snow",0.1,0,25.8,15.9,31.8,1023.7,55.6,29.7,165.2,14.2,8,,2022-04-02T06:40:38,2022-04-02T19:44:36,0.04,"Snow, Rain, Partially cloudy",Partly cloudy throughout the day with afternoon rain or snow.,snow,"03414099999,03529099999,03520099999,03330099999,03535099999,03544099999,AU757"
Wolverhampton,2022-04-03,9.4,-3.2,3.7,7.3,-3.2,2.3,-1.4,72.2,0.018,100,4.17,rain,0,0,25.7,17.1,280.6,1025.4,62.4,29.3,98.8,8.6,4,,2022-04-03T06:38:18,2022-04-03T19:46:22,0.07,"Rain, Partially cloudy",Partly cloudy throughout the day with morning rain.,rain,"03414099999,03529099999,03520099999,03330099999,03535099999,03544099999,AU757"
Wolverhampton,2022-04-04,12.7,5.5,9.7,12.7,1.9,8.4,7.2,84.6,2.467,100,79.17,rain,0,0,41.1,23.9,267,1011.8,97.8,37.2,34.2,3.1,1,,2022-04-04T06:35:58,2022-04-04T19:48:07,0.1,"Rain, Overcast",Cloudy skies throughout the day with a chance of rain throughout the day.,rain,"03414099999,03529099999,03520099999,03330099999,03535099999,03544099999,F2638,AU757"
Wolverhampton,2022-04-05,12.4,9.6,10.9,12.4,6.8,10.6,6.2,73.2,0.785,100,70.83,rain,0,0,43.4,27.2,266.1,1007.7,91.5,42.9,135.3,11.5,8,,2022-04-05T06:33:38,2022-04-05T19:49:52,0.14,"Rain, Overcast",Cloudy skies throughout the day with a chance of rain throughout the day.,rain,"03414099999,03529099999,03520099999,03330099999,03535099999,03544099999,AU757"
Wolverhampton,2022-04-06,12,8.1,9.8,12,4.4,7.6,5.9,77.4,4.039,100,58.33,rain,0,0,46.1,30.7,233.1,993.7,85.6,33.7,195,16.9,5,,2022-04-06T06:31:19,2022-04-06T19:51:38,0.17,"Rain, Partially cloudy",Partly cloudy throughout the day with a chance of rain throughout the day.,rain,"03414099999,03529099999,F4718,03520099999,03330099999,03535099999,03544099999,AU757"
Wolverhampton,2022-04-07,9.1,2.8,7,5.1,0.4,3.1,2,70.7,2.502,100,62.5,rain,0,0,63.6,40,268.5,987.7,74.6,34.6,343.3,30.1,4,,2022-04-07T06:29:01,2022-04-07T19:53:23,0.2,"Rain, Partially cloudy",Partly cloudy throughout the day with a chance of rain throughout the day.,rain,"03414099999,03529099999,F4718,03520099999,03330099999,03535099999,03544099999,AU757"
Wolverhampton,2022-04-08,10.3,-0.5,4.6,10.3,-1,3,-0.1,73.7,1.023,100,37.5,"rain,snow",0,0,28.6,18.4,340.5,1001.2,39.4,37.3,420,36.6,7,,2022-04-08T06:26:42,2022-04-08T19:55:08,0.23,"Snow, Rain, Partially cloudy",Partly cloudy throughout the day with a chance of rain or snow throughout the day.,rain,"03414099999,03529099999,F4718,03520099999,03330099999,03535099999,03544099999,AU757"
Wolverhampton,2022-04-09,9.2,0.9,4.7,6.8,-2.6,2.1,-0.1,72.5,0.426,100,8.33,rain,0,0,30,19.8,295.3,1015.2,37.2,41.1,416.1,36.3,6,,2022-04-09T06:24:25,2022-04-09T19:56:53,0.25,"Rain, Partially cloudy",Partly cloudy throughout the day with rain in the morning and afternoon.,rain,"03414099999,03529099999,F4718,03520099999,03330099999,03535099999,03544099999,AU757"
Wolverhampton,2022-04-10,11.7,-2.4,5.5,11.7,-2.4,5,-0.6,67.8,0.018,100,4.17,rain,0,0,24,14.5,161.9,1018.1,39.5,35.6,425.7,37.3,7,,2022-04-10T06:22:07,2022-04-10T19:58:39,0.3,"Rain, Partially cloudy",Becoming cloudy in the afternoon with morning rain.,rain,"03414099999,03529099999,F4718,03520099999,03330099999,03535099999,03544099999,AU757"
Wolverhampton,2022-04-11,15.5,5,10,15.5,2,8.7,1.4,56.3,0.289,100,4.17,rain,0,0,45.4,30.1,113.1,1009.2,64.7,35.4,410.6,35.8,7,,2022-04-11T06:19:51,2022-04-11T20:00:24,0.33,"Rain, Partially cloudy",Partly cloudy throughout the day with late afternoon rain.,rain,"03414099999,03529099999,F4718,03520099999,03330099999,03535099999,03544099999,AU757"
Wolverhampton,2022-04-12,14.7,7.6,10.7,14.7,5.9,10,8.1,84.1,4.413,100,54.17,rain,0,0,38.5,18.4,120.5,1004.7,91.8,13.9,296.4,25.9,4,,2022-04-12T06:17:35,2022-04-12T20:02:09,0.36,"Rain, Overcast",Cloudy skies throughout the day with rain.,rain,"03414099999,03529099999,F4718,03520099999,03330099999,03535099999,03544099999,AU757"
Wolverhampton,2022-04-13,14.8,8.8,12,14.8,8.3,12,9.7,86.3,3.009,100,58.33,rain,0,0,25.5,14,234.1,1013.8,87.9,26.9,352.5,30.7,5,,2022-04-13T06:15:19,2022-04-13T20:03:54,0.39,"Rain, Partially cloudy",Partly cloudy throughout the day with a chance of rain throughout the day.,rain,"03414099999,03529099999,F4718,03520099999,03330099999,03535099999,03544099999,F2638,AU757"
Wolverhampton,2022-04-14,15,5.1,10.6,15,5.1,10.5,7.5,82.5,0.132,100,12.5,rain,0,0,18.9,10,212.9,1021.7,68.6,27.7,334.3,29.1,3,,2022-04-14T06:13:04,2022-04-14T20:05:39,0.42,"Rain, Partially cloudy",Partly cloudy throughout the day with rain clearing later.,rain,"03414099999,03529099999,F4718,03520099999,03330099999,03535099999,03544099999,F2638,AU757"
Wolverhampton,2022-04-15,19.8,5.6,12.9,19.8,5.6,12.8,8.5,76.6,0,0,0,,0,0,26.9,19.3,176.4,1025.4,37.5,30.4,409.1,35.5,7,,2022-04-15T06:10:50,2022-04-15T20:07:25,0.46,Partially cloudy,Partly cloudy throughout the day.,partly-cloudy-day,"03414099999,03529099999,F4718,D6997,03520099999,03330099999,03535099999,03544099999,AU757"
Wolverhampton,2022-04-16,20.1,7.4,13.7,20.1,6.6,13.5,8.9,75,0,0,0,,0,0,22.9,15.1,151.2,1028.2,23.4,17.8,405.9,35.3,7,,2022-04-16T06:08:36,2022-04-16T20:09:10,0.5,Partially cloudy,Partly cloudy throughout the day.,partly-cloudy-day,"03414099999,03529099999,F4718,D6997,03520099999,03330099999,03535099999,03544099999,AU757"
Wolverhampton,2022-04-17,18.1,7.1,12.9,18.1,5.7,12.5,6,65.4,0.084,100,12.5,rain,0,0,36.2,22.8,163.7,1021.2,18.1,25,425.1,37,7,,2022-04-17T06:06:24,2022-04-17T20:10:55,0.52,Rain,Clear conditions throughout the day with late afternoon rain.,rain,"03414099999,03529099999,F4718,D6997,03520099999,03330099999,03535099999,03544099999,AU757"
Wolverhampton,2022-04-18,13.8,6.9,10.4,13.8,5.7,9.9,5.4,72.8,0.427,100,25,rain,0,0,21.6,14.8,235.7,1016.5,58.5,38.3,389.3,33.8,6,,2022-04-18T06:04:12,2022-04-18T20:12:40,0.56,"Rain, Partially cloudy",Becoming cloudy in the afternoon with rain.,rain,"03414099999,03529099999,F4718,D6997,03520099999,03330099999,03535099999,03544099999,AU757"
Wolverhampton,2022-04-19,13.3,4.3,9,13.3,4.3,8.6,4.9,77.1,1.859,100,12.5,rain,0,0,22.3,15.6,6.9,1017.9,72.1,29.1,349,30.3,5,,2022-04-19T06:02:01,2022-04-19T20:14:25,0.59,"Rain, Partially cloudy",Partly cloudy throughout the day with late afternoon rain.,rain,"03414099999,03529099999,F4718,D6997,03520099999,03330099999,03535099999,03544099999,AU757"
Wolverhampton,2022-04-20,16.3,5.1,10.6,16.3,2.3,9.6,5.2,71.3,0,0,0,,0,0,32.3,18.5,50.9,1017.7,38.9,22.6,410,35.7,7,,2022-04-20T05:59:51,2022-04-20T20:16:10,0.63,Partially cloudy,Partly cloudy throughout the day.,partly-cloudy-day,"03414099999,03529099999,F4718,D6997,03520099999,03330099999,03535099999,03544099999,AU757"
Wolverhampton,2022-04-21,16.6,5.4,11,16.6,3.2,10,4.6,66.3,0,0,0,,0,0,36.2,22.2,66.3,1013.8,33.8,27.6,436.4,37.9,8,,2022-04-21T05:57:41,2022-04-21T20:17:55,0.67,Partially cloudy,Partly cloudy throughout the day.,partly-cloudy-day,"03414099999,03529099999,F4718,03520099999,03330099999,03535099999,03544099999,AU757"
Wolverhampton,2022-04-22,15.4,5.3,10,15.4,2.4,8.5,4.2,69.4,0,0,0,,0,0,48.9,29.8,48.5,1010.4,49.1,26.2,394.7,34.3,7,,2022-04-22T05:55:33,2022-04-22T20:19:40,0.7,Partially cloudy,Partly cloudy throughout the day.,partly-cloudy-day,"03414099999,03529099999,F4718,D6997,03520099999,03330099999,03535099999,03544099999,AU757"
Wolverhampton,2022-04-23,14.8,7.4,10.5,14.8,4.4,9.2,6.2,75.9,0,0,0,,0,0,44.5,27.3,45,1006.8,81.5,17,328.9,28.4,6,,2022-04-23T05:53:25,2022-04-23T20:21:25,0.75,Partially cloudy,Partly cloudy throughout the day.,partly-cloudy-day,"03414099999,03529099999,F4718,D6997,03520099999,03330099999,03535099999,03544099999,AU757"
Wolverhampton,2022-04-24,15.2,5.8,10.3,15.2,2.7,8.8,4.5,69.6,0,0,0,,0,0,38.4,24.6,41.5,1010.9,44.1,24.1,362.1,31.4,8,,2022-04-24T05:51:19,2022-04-24T20:23:09,0.77,Partially cloudy,Partly cloudy throughout the day.,partly-cloudy-day,"03414099999,03529099999,F4718,D6997,03520099999,03330099999,03535099999,03544099999,AU757"
Wolverhampton,2022-04-25,12.6,3.7,8.5,12.6,2.4,7.4,3.7,72.9,0,0,0,,0,0,25.4,14,41.8,1017.2,58.1,27.3,160.8,13.8,7,,2022-04-25T05:49:14,2022-04-25T20:24:54,0.81,Partially cloudy,Partly cloudy throughout the day.,partly-cloudy-day,"03414099999,03529099999,03520099999,03330099999,03535099999,03544099999,AU757"
Wolverhampton,2022-04-26,13.4,5.4,9,13.4,3.3,7.9,3.9,72.7,0,0,0,,0,0,19.2,11.5,62.8,1022.8,75,24.1,155.4,11.1,8,,2022-04-26T05:47:09,2022-04-26T20:26:38,0.84,Partially cloudy,Partly cloudy throughout the day.,partly-cloudy-day,"03414099999,03529099999,03520099999,03330099999,03535099999,03544099999,AU757"
Wolverhampton,2022-04-27,10.5,2.8,7.2,10.5,2.1,5.8,2,71.5,0,0,0,,0,0,22.4,14,57.9,1028.7,75.4,25,145.4,12.3,4,,2022-04-27T05:45:06,2022-04-27T20:28:22,0.88,Partially cloudy,Partly cloudy throughout the day.,partly-cloudy-day,"03414099999,03529099999,03520099999,03330099999,03535099999,03544099999,AU757"
Wolverhampton,2022-04-28,9.8,5.1,7.7,8.4,3.7,6.3,2.9,71.9,0,0,0,,0,0,20.4,11.9,53.5,1032.2,95.7,26.6,76.4,6.6,2,,2022-04-28T05:43:04,2022-04-28T20:30:06,0.91,Overcast,Cloudy skies throughout the day.,cloudy,"03414099999,03529099999,03520099999,03330099999,03535099999,03544099999,AU757"
Wolverhampton,2022-04-29,13,5.2,8.9,13,5.2,8.3,3.3,69.5,0,0,0,,0,0,21.5,12.6,58.6,1032.5,60.9,25.6,224.4,19.4,8,,2022-04-29T05:41:04,2022-04-29T20:31:50,0.95,Partially cloudy,Partly cloudy throughout the day.,partly-cloudy-day,"03414099999,03529099999,03520099999,03330099999,03535099999,03544099999,AU757"
Wolverhampton,2022-04-30,16.1,-0.1,9.1,16.1,-0.1,9.1,2.6,67.3,0,0,0,,0,0,19.7,12.2,239.1,1029.4,34.2,27,208.7,18.1,7,,2022-04-30T05:39:04,2022-04-30T20:33:34,0,Partially cloudy,Partly cloudy throughout the day.,partly-cloudy-day,"03414099999,03529099999,03520099999,03330099999,03535099999,03544099999,AU757"
Wolverhampton,2022-05-01,11.9,7.8,9.9,11.9,6.3,9.3,7.1,83.3,1.3,100,75,rain,0,0,18.5,13.1,216.2,1022.6,97.8,17.8,64.5,5.5,2,,2022-05-01T05:37:06,2022-05-01T20:35:17,0.02,"Rain, Overcast",Cloudy skies throughout the day with a chance of rain throughout the day.,rain,"03414099999,03529099999,03520099999,03330099999,03535099999,03544099999,AU757"
Wolverhampton,2022-05-02,14.3,9,11.5,14.3,9,11.5,9.4,87.4,0.684,100,37.5,rain,0,0,12.3,9,350.1,1021.3,94.5,9,75,6.7,3,,2022-05-02T05:35:09,2022-05-02T20:37:00,0.05,"Rain, Overcast",Cloudy skies throughout the day with rain.,rain,"03414099999,03529099999,03520099999,03330099999,03535099999,03544099999,AU757"
Wolverhampton,2022-05-03,14.1,8.5,11,14.1,6.9,10.5,8.4,84.3,1.398,100,37.5,rain,0,0,16.4,11.6,65.4,1021.5,95.2,12.5,86.7,7.4,3,,2022-05-03T05:33:14,2022-05-03T20:38:42,0.09,"Rain, Overcast",Cloudy skies throughout the day with a chance of rain throughout the day.,rain,"03414099999,03529099999,03520099999,03330099999,03535099999,03544099999,AU757"
Wolverhampton,2022-05-04,14.4,8.7,11.3,14.4,7.7,11.2,9.1,87,4.205,100,50,rain,0,0,27.6,17.5,273.2,1018.7,83.3,17.1,88.3,7.6,4,,2022-05-04T05:31:20,2022-05-04T20:40:24,0.12,"Rain, Partially cloudy",Partly cloudy throughout the day with a chance of rain throughout the day.,rain,"03414099999,03529099999,03520099999,03330099999,03535099999,03544099999,AU757"
Wolverhampton,2022-05-05,18.9,6.1,12.9,18.9,5.4,12.8,8.1,74.6,0,0,0,,0,0,21.3,11.1,303,1023.6,53.9,29.2,205.8,17.9,7,,2022-05-05T05:29:28,2022-05-05T20:42:06,0.15,Partially cloudy,Partly cloudy throughout the day.,partly-cloudy-day,"03529099999,03414099999,03520099999,03330099999,03535099999,03544099999,AU757"
Wolverhampton,2022-05-06,15.8,7.5,12.3,15.8,6.9,12,9.3,82.7,2.193,100,25,rain,0,0,27.9,17.5,236.9,1024.6,62.7,28.7,105.6,9.2,4,,2022-05-06T05:27:37,2022-05-06T20:43:47,0.18,"Rain, Partially cloudy",Partly cloudy throughout the day with late afternoon rain.,rain,"03529099999,03414099999,03520099999,03330099999,03535099999,03544099999,AU757,F2638"
Wolverhampton,2022-05-07,17.7,9,13.4,17.7,7.9,13.3,9.3,78.1,0.668,100,16.67,rain,0,0,21.8,13.9,2,1026.3,63.5,25,219.8,18.8,9,,2022-05-07T05:25:48,2022-05-07T20:45:28,0.22,"Rain, Partially cloudy",Partly cloudy throughout the day with early morning rain.,rain,"03414099999,03529099999,03520099999,03330099999,03535099999,03544099999,AU757"
Wolverhampton,2022-05-08,18.1,9.4,12.8,18.1,7.9,12.3,8,74.4,0,0,0,,0,0,22.9,15.3,113.9,1028.4,70.4,25,147.4,12.8,5,,2022-05-08T05:24:00,2022-05-08T20:47:08,0.25,Partially cloudy,Partly cloudy throughout the day.,partly-cloudy-day,"03414099999,03529099999,03520099999,03330099999,03535099999,03544099999,AU757"
Wolverhampton,2022-05-09,18.5,7.2,13.7,18.5,6.1,13.3,7.9,69,0,0,0,,0,0,41.6,25.3,184.9,1021.1,40.5,28.8,168,14.6,5,,2022-05-09T05:22:14,2022-05-09T20:48:48,0.25,Partially cloudy,Becoming cloudy in the afternoon.,partly-cloudy-day,"03414099999,03529099999,03520099999,03330099999,03535099999,03544099999,AU757"
Wolverhampton,2022-05-10,18.5,12.2,14.6,18.5,12.2,14.6,8,65.9,0.268,100,16.67,rain,0,0,38.4,27.2,229.8,1012.6,85.6,28.8,235.3,20.3,8,,2022-05-10T05:20:30,2022-05-10T20:50:27,0.31,"Rain, Partially cloudy",Partly cloudy throughout the day with a chance of rain throughout the day.,rain,"03414099999,03529099999,03520099999,03330099999,03535099999,03544099999,AU757"
Wolverhampton,2022-05-11,15.7,9.5,12.2,15.7,8.6,12.2,8.3,77.9,8.227,100,37.5,rain,0,0,37,22.6,240.6,1008.3,74.5,30.3,123.2,10.6,7,,2022-05-11T05:18:48,2022-05-11T20:52:05,0.35,"Rain, Partially cloudy",Partly cloudy throughout the day with rain in the morning and afternoon.,rain,"03414099999,03529099999,03520099999,03330099999,03535099999,03544099999,AU757"
Wolverhampton,2022-05-12,14.6,6.4,11.2,14.6,4.9,10.8,6,71.8,0,0,0,,0,0,33,19.6,241.8,1016.6,64.5,35.8,159.9,13.7,7,,2022-05-12T05:17:07,2022-05-12T20:53:42,0.38,Partially cloudy,Partly cloudy throughout the day.,partly-cloudy-day,"03414099999,03529099999,03520099999,03330099999,03535099999,03544099999,AU757"
Wolverhampton,2022-05-13,17.6,9.8,13.3,17.6,8,13.2,7.7,69.7,0,0,0,,0,0,41.4,25.1,240.1,1017.9,55.1,28.2,241.4,21,9,,2022-05-13T05:15:29,2022-05-13T20:55:19,0.41,Partially cloudy,Partly cloudy throughout the day.,partly-cloudy-day,"03414099999,03529099999,03520099999,03330099999,03535099999,03544099999,AU757"
Wolverhampton,2022-05-14,20.9,7,14.3,20.9,6.3,14.1,8.7,71.9,0,0,0,,0,0,17.6,11.3,146.1,1020,26.6,20.5,326.3,27.1,8,,2022-05-14T05:13:52,2022-05-14T20:56:55,0.44,Partially cloudy,Clearing in the afternoon.,partly-cloudy-day,"03414099999,03529099999,D6997,03520099999,03330099999,03535099999,remote,03544099999,AU757"
Wolverhampton,2022-05-15,19.3,11.4,14.8,19.3,11.4,14.8,11.1,78.8,4.635,100,75,rain,0,0,33.5,20.5,102.8,1015.3,85.2,18.9,162.5,14.1,8,,2022-05-15T05:12:18,2022-05-15T20:58:30,0.48,"Rain, Partially cloudy",Partly cloudy throughout the day with a chance of rain throughout the day.,rain,"03414099999,03529099999,D6997,03520099999,03330099999,03535099999,03544099999,AU757"
